intent,text
cancel_order,¿Me pueden ayudar a cancel order mi pedido?
cancel_order,Quisiera cancel order un pedido
cancel_order,Necesito cancel order mi pedido
cancel_order,¿Cómo puedo cancel order mi pedido?
cancel_order,¿Me pueden ayudar a cancel order mi pedido?
cancel_order,¿Me pueden ayudar a cancel order un pedido?
cancel_order,No sé cómo cancel order mi pedido
cancel_order,No sé cómo cancel order el pedido {{Order Number}}
cancel_order,Quisiera cancel order mi pedido
cancel_order,Quisiera cancel order mi pedido
cancel_order,¿Cómo puedo cancel order un pedido?
cancel_order,No sé cómo cancel order mi pedido
cancel_order,No sé cómo cancel order mi pedido
cancel_order,¿Me pueden ayudar a cancel order un pedido?
cancel_order,¿Me pueden ayudar a cancel order un pedido?
cancel_order,Ayuda para cancel order mi pedido
cancel_order,Ayuda para cancel order un pedido
cancel_order,Necesito cancel order mi pedido
cancel_order,¿Cómo puedo cancel order un pedido?
cancel_order,Ayuda para cancel order el pedido {{Order Number}}
cancel_order,Necesito cancel order mi pedido
cancel_order,¿Cómo puedo cancel order el pedido {{Order Number}}?
cancel_order,Quisiera cancel order mi pedido
cancel_order,Ayuda para cancel order mi pedido
cancel_order,Necesito cancel order el pedido {{Order Number}}
cancel_order,No sé cómo cancel order el pedido {{Order Number}}
cancel_order,Quisiera cancel order un pedido
cancel_order,Ayuda para cancel order un pedido
cancel_order,Quisiera cancel order el pedido {{Order Number}}
cancel_order,Quisiera cancel order un pedido
cancel_order,Necesito cancel order un pedido
cancel_order,No sé cómo cancel order el pedido {{Order Number}}
cancel_order,No sé cómo cancel order mi pedido
cancel_order,¿Me pueden ayudar a cancel order mi pedido?
cancel_order,Quisiera cancel order un pedido
cancel_order,¿Cómo puedo cancel order el pedido {{Order Number}}?
cancel_order,Quisiera cancel order mi pedido
cancel_order,Quisiera cancel order el pedido {{Order Number}}
cancel_order,Necesito cancel order el pedido {{Order Number}}
cancel_order,¿Me pueden ayudar a cancel order el pedido {{Order Number}}?
cancel_order,¿Cómo puedo cancel order el pedido {{Order Number}}?
cancel_order,Necesito cancel order mi pedido
cancel_order,¿Me pueden ayudar a cancel order el pedido {{Order Number}}?
cancel_order,¿Me pueden ayudar a cancel order un pedido?
cancel_order,¿Me pueden ayudar a cancel order mi pedido?
cancel_order,No sé cómo cancel order un pedido
cancel_order,¿Cómo puedo cancel order un pedido?
cancel_order,¿Me pueden ayudar a cancel order mi pedido?
cancel_order,¿Cómo puedo cancel order el pedido {{Order Number}}?
cancel_order,Ayuda para cancel order el pedido {{Order Number}}
cancel_order,¿Me pueden ayudar a cancel order un pedido?
cancel_order,No sé cómo cancel order mi pedido
cancel_order,¿Me pueden ayudar a cancel order el pedido {{Order Number}}?
cancel_order,Quisiera cancel order mi pedido
cancel_order,Quisiera cancel order el pedido {{Order Number}}
cancel_order,Ayuda para cancel order el pedido {{Order Number}}
cancel_order,Quisiera cancel order mi pedido
cancel_order,No sé cómo cancel order un pedido
cancel_order,Necesito cancel order mi pedido
cancel_order,¿Me pueden ayudar a cancel order el pedido {{Order Number}}?
cancel_order,Ayuda para cancel order un pedido
cancel_order,Ayuda para cancel order mi pedido
cancel_order,Necesito cancel order mi pedido
cancel_order,¿Cómo puedo cancel order un pedido?
cancel_order,No sé cómo cancel order un pedido
cancel_order,Necesito cancel order un pedido
cancel_order,No sé cómo cancel order el pedido {{Order Number}}
cancel_order,No sé cómo cancel order el pedido {{Order Number}}
cancel_order,Necesito cancel order mi pedido
cancel_order,¿Cómo puedo cancel order un pedido?
cancel_order,Ayuda para cancel order mi pedido
cancel_order,Quisiera cancel order mi pedido
cancel_order,¿Cómo puedo cancel order un pedido?
cancel_order,¿Cómo puedo cancel order un pedido?
cancel_order,Ayuda para cancel order un pedido
cancel_order,Quisiera cancel order el pedido {{Order Number}}
cancel_order,Ayuda para cancel order un pedido
cancel_order,Ayuda para cancel order un pedido
cancel_order,Necesito cancel order un pedido
cancel_order,Quisiera cancel order un pedido
change_order,¿Me pueden ayudar a change order mi pedido?
change_order,¿Me pueden ayudar a change order un pedido?
change_order,Necesito change order un pedido
change_order,Necesito change order mi pedido
change_order,Necesito change order el pedido {{Order Number}}
change_order,¿Cómo puedo change order el pedido {{Order Number}}?
change_order,Quisiera change order un pedido
change_order,¿Me pueden ayudar a change order el pedido {{Order Number}}?
change_order,No sé cómo change order mi pedido
change_order,No sé cómo change order mi pedido
change_order,¿Me pueden ayudar a change order el pedido {{Order Number}}?
change_order,¿Me pueden ayudar a change order un pedido?
change_order,No sé cómo change order mi pedido
change_order,¿Cómo puedo change order el pedido {{Order Number}}?
change_order,¿Cómo puedo change order un pedido?
change_order,No sé cómo change order mi pedido
change_order,No sé cómo change order el pedido {{Order Number}}
change_order,Ayuda para change order mi pedido
change_order,Quisiera change order el pedido {{Order Number}}
change_order,Necesito change order mi pedido
change_order,Quisiera change order mi pedido
change_order,No sé cómo change order mi pedido
change_order,Quisiera change order un pedido
change_order,Ayuda para change order mi pedido
change_order,No sé cómo change order mi pedido
change_order,¿Cómo puedo change order un pedido?
change_order,Ayuda para change order un pedido
change_order,¿Cómo puedo change order el pedido {{Order Number}}?
change_order,No sé cómo change order un pedido
change_order,Ayuda para change order mi pedido
change_order,No sé cómo change order un pedido
change_order,¿Me pueden ayudar a change order mi pedido?
change_order,¿Me pueden ayudar a change order el pedido {{Order Number}}?
change_order,Ayuda para change order un pedido
change_order,¿Me pueden ayudar a change order el pedido {{Order Number}}?
change_order,Ayuda para change order un pedido
change_order,Ayuda para change order mi pedido
change_order,¿Cómo puedo change order mi pedido?
change_order,Quisiera change order el pedido {{Order Number}}
change_order,Quisiera change order un pedido
change_order,No sé cómo change order mi pedido
change_order,No sé cómo change order mi pedido
change_order,Quisiera change order mi pedido
change_order,¿Me pueden ayudar a change order un pedido?
change_order,Quisiera change order mi pedido
change_order,Quisiera change order mi pedido
change_order,Necesito change order mi pedido
change_order,No sé cómo change order mi pedido
change_order,Necesito change order un pedido
change_order,Ayuda para change order mi pedido
change_order,No sé cómo change order mi pedido
change_order,¿Me pueden ayudar a change order un pedido?
change_order,No sé cómo change order el pedido {{Order Number}}
change_order,¿Cómo puedo change order el pedido {{Order Number}}?
change_order,Ayuda para change order mi pedido
change_order,Quisiera change order mi pedido
change_order,¿Me pueden ayudar a change order el pedido {{Order Number}}?
change_order,Necesito change order el pedido {{Order Number}}
change_order,Ayuda para change order el pedido {{Order Number}}
change_order,¿Me pueden ayudar a change order mi pedido?
change_order,¿Me pueden ayudar a change order un pedido?
change_order,¿Me pueden ayudar a change order mi pedido?
change_order,Quisiera change order el pedido {{Order Number}}
change_order,¿Me pueden ayudar a change order el pedido {{Order Number}}?
change_order,Quisiera change order mi pedido
change_order,¿Cómo puedo change order mi pedido?
change_order,No sé cómo change order el pedido {{Order Number}}
change_order,¿Cómo puedo change order el pedido {{Order Number}}?
change_order,¿Cómo puedo change order el pedido {{Order Number}}?
change_order,Ayuda para change order mi pedido
change_order,Quisiera change order el pedido {{Order Number}}
change_order,No sé cómo change order mi pedido
change_order,Quisiera change order un pedido
change_order,No sé cómo change order mi pedido
change_order,Quisiera change order mi pedido
change_order,¿Cómo puedo change order el pedido {{Order Number}}?
change_order,Ayuda para change order el pedido {{Order Number}}
change_order,¿Cómo puedo change order el pedido {{Order Number}}?
change_order,Quisiera change order mi pedido
change_order,Ayuda para change order mi pedido
change_shipping_address,¿Cómo actualizo la dirección de envío de la compra?
change_shipping_address,¿Cómo actualizo la dirección de envío de la compra?
change_shipping_address,¿Cómo actualizo la dirección de envío de el envío?
change_shipping_address,Necesito corregir la dirección del pedido la entrega
change_shipping_address,Hay un error en la dirección de entrega de la entrega
change_shipping_address,Quiero cambiar la dirección de envío de mi pedido
change_shipping_address,Hay un error en la dirección de entrega de mi pedido
change_shipping_address,Quiero cambiar la dirección de envío de el envío
change_shipping_address,Antes del despacho quiero modificar la dirección de la entrega
change_shipping_address,Quiero cambiar la dirección de envío de mi pedido
change_shipping_address,Necesito corregir la dirección del pedido mi pedido
change_shipping_address,Antes del despacho quiero modificar la dirección de mi pedido
change_shipping_address,Necesito corregir la dirección del pedido el envío
change_shipping_address,Quiero cambiar la dirección de envío de la entrega
change_shipping_address,Antes del despacho quiero modificar la dirección de mi pedido
change_shipping_address,Antes del despacho quiero modificar la dirección de mi pedido
change_shipping_address,¿Cómo actualizo la dirección de envío de la compra?
change_shipping_address,Hay un error en la dirección de entrega de la entrega
change_shipping_address,Hay un error en la dirección de entrega de la entrega
change_shipping_address,Hay un error en la dirección de entrega de el envío
change_shipping_address,Necesito corregir la dirección del pedido la compra
change_shipping_address,¿Cómo actualizo la dirección de envío de la compra?
change_shipping_address,Quiero cambiar la dirección de envío de mi pedido
change_shipping_address,¿Cómo actualizo la dirección de envío de mi pedido?
change_shipping_address,Quiero cambiar la dirección de envío de la entrega
change_shipping_address,Antes del despacho quiero modificar la dirección de la compra
change_shipping_address,Necesito corregir la dirección del pedido la compra
change_shipping_address,Quiero cambiar la dirección de envío de la entrega
change_shipping_address,Hay un error en la dirección de entrega de la compra
change_shipping_address,Necesito corregir la dirección del pedido el envío
change_shipping_address,Antes del despacho quiero modificar la dirección de la compra
change_shipping_address,Antes del despacho quiero modificar la dirección de mi pedido
change_shipping_address,Antes del despacho quiero modificar la dirección de la compra
change_shipping_address,Quiero cambiar la dirección de envío de la entrega
change_shipping_address,Hay un error en la dirección de entrega de mi pedido
change_shipping_address,Quiero cambiar la dirección de envío de la entrega
change_shipping_address,Hay un error en la dirección de entrega de la compra
change_shipping_address,Antes del despacho quiero modificar la dirección de la entrega
change_shipping_address,Hay un error en la dirección de entrega de la entrega
change_shipping_address,Hay un error en la dirección de entrega de el envío
change_shipping_address,Hay un error en la dirección de entrega de mi pedido
change_shipping_address,Quiero cambiar la dirección de envío de el envío
change_shipping_address,Hay un error en la dirección de entrega de mi pedido
change_shipping_address,Quiero cambiar la dirección de envío de la compra
change_shipping_address,Necesito corregir la dirección del pedido la compra
change_shipping_address,Necesito corregir la dirección del pedido el envío
change_shipping_address,Antes del despacho quiero modificar la dirección de el envío
change_shipping_address,Antes del despacho quiero modificar la dirección de mi pedido
change_shipping_address,Quiero cambiar la dirección de envío de mi pedido
change_shipping_address,Necesito corregir la dirección del pedido mi pedido
change_shipping_address,Hay un error en la dirección de entrega de la entrega
change_shipping_address,¿Cómo actualizo la dirección de envío de la entrega?
change_shipping_address,Quiero cambiar la dirección de envío de la compra
change_shipping_address,Hay un error en la dirección de entrega de mi pedido
change_shipping_address,Hay un error en la dirección de entrega de la entrega
change_shipping_address,Necesito corregir la dirección del pedido mi pedido
change_shipping_address,Hay un error en la dirección de entrega de el envío
change_shipping_address,Antes del despacho quiero modificar la dirección de la entrega
change_shipping_address,Necesito corregir la dirección del pedido la entrega
change_shipping_address,Necesito corregir la dirección del pedido el envío
change_shipping_address,Quiero cambiar la dirección de envío de la entrega
change_shipping_address,Hay un error en la dirección de entrega de el envío
change_shipping_address,Necesito corregir la dirección del pedido la compra
change_shipping_address,Necesito corregir la dirección del pedido mi pedido
change_shipping_address,¿Cómo actualizo la dirección de envío de mi pedido?
change_shipping_address,¿Cómo actualizo la dirección de envío de la entrega?
change_shipping_address,Necesito corregir la dirección del pedido el envío
change_shipping_address,Hay un error en la dirección de entrega de la compra
change_shipping_address,Necesito corregir la dirección del pedido la entrega
change_shipping_address,Quiero cambiar la dirección de envío de la entrega
change_shipping_address,¿Cómo actualizo la dirección de envío de la compra?
change_shipping_address,Hay un error en la dirección de entrega de mi pedido
change_shipping_address,Hay un error en la dirección de entrega de la compra
change_shipping_address,Antes del despacho quiero modificar la dirección de el envío
change_shipping_address,Antes del despacho quiero modificar la dirección de la compra
change_shipping_address,Quiero cambiar la dirección de envío de mi pedido
change_shipping_address,Hay un error en la dirección de entrega de la entrega
change_shipping_address,Antes del despacho quiero modificar la dirección de la compra
change_shipping_address,Quiero cambiar la dirección de envío de mi pedido
change_shipping_address,Antes del despacho quiero modificar la dirección de el envío
change_shipping_address,Hay un error en la dirección de entrega de la compra
change_shipping_address,¿Cómo actualizo la dirección de envío de mi pedido?
change_shipping_address,¿Cómo actualizo la dirección de envío de la entrega?
change_shipping_address,Hay un error en la dirección de entrega de mi pedido
change_shipping_address,¿Cómo actualizo la dirección de envío de mi pedido?
change_shipping_address,Antes del despacho quiero modificar la dirección de la entrega
change_shipping_address,Hay un error en la dirección de entrega de el envío
change_shipping_address,Quiero cambiar la dirección de envío de la compra
change_shipping_address,Antes del despacho quiero modificar la dirección de la compra
change_shipping_address,Quiero cambiar la dirección de envío de la compra
change_shipping_address,Antes del despacho quiero modificar la dirección de la compra
change_shipping_address,¿Cómo actualizo la dirección de envío de la compra?
change_shipping_address,¿Cómo actualizo la dirección de envío de la compra?
change_shipping_address,Antes del despacho quiero modificar la dirección de la entrega
change_shipping_address,Necesito corregir la dirección del pedido el envío
change_shipping_address,¿Cómo actualizo la dirección de envío de la entrega?
change_shipping_address,Antes del despacho quiero modificar la dirección de la compra
change_shipping_address,¿Cómo actualizo la dirección de envío de mi pedido?
change_shipping_address,Hay un error en la dirección de entrega de la compra
change_shipping_address,Necesito corregir la dirección del pedido el envío
change_shipping_address,Antes del despacho quiero modificar la dirección de la compra
change_shipping_address,¿Cómo actualizo la dirección de envío de el envío?
change_shipping_address,¿Cómo actualizo la dirección de envío de la entrega?
change_shipping_address,Antes del despacho quiero modificar la dirección de el envío
change_shipping_address,Necesito corregir la dirección del pedido mi pedido
change_shipping_address,Hay un error en la dirección de entrega de la compra
change_shipping_address,Quiero cambiar la dirección de envío de la entrega
change_shipping_address,Hay un error en la dirección de entrega de la entrega
change_shipping_address,Necesito corregir la dirección del pedido la entrega
change_shipping_address,Quiero cambiar la dirección de envío de mi pedido
change_shipping_address,Necesito corregir la dirección del pedido el envío
change_shipping_address,Antes del despacho quiero modificar la dirección de mi pedido
change_shipping_address,¿Cómo actualizo la dirección de envío de el envío?
change_shipping_address,Antes del despacho quiero modificar la dirección de la entrega
change_shipping_address,¿Cómo actualizo la dirección de envío de el envío?
change_shipping_address,¿Cómo actualizo la dirección de envío de la entrega?
change_shipping_address,Necesito corregir la dirección del pedido mi pedido
change_shipping_address,Quiero cambiar la dirección de envío de el envío
change_shipping_address,Necesito corregir la dirección del pedido la entrega
change_shipping_address,Antes del despacho quiero modificar la dirección de el envío
check_cancellation_fee,Quisiera check cancellation fee esta gestión
check_cancellation_fee,¿Cómo puedo check cancellation fee el asunto?
check_cancellation_fee,Ayuda para check cancellation fee el asunto
check_cancellation_fee,Ayuda para check cancellation fee esta gestión
check_cancellation_fee,No sé cómo check cancellation fee esta gestión
check_cancellation_fee,No sé cómo check cancellation fee mi solicitud
check_cancellation_fee,Ayuda para check cancellation fee esta gestión
check_cancellation_fee,¿Me pueden ayudar a check cancellation fee esta gestión?
check_cancellation_fee,Ayuda para check cancellation fee esta gestión
check_cancellation_fee,Ayuda para check cancellation fee el asunto
check_cancellation_fee,¿Me pueden ayudar a check cancellation fee mi solicitud?
check_cancellation_fee,Ayuda para check cancellation fee mi solicitud
check_cancellation_fee,¿Cómo puedo check cancellation fee esta gestión?
check_cancellation_fee,Necesito check cancellation fee esta gestión
check_cancellation_fee,Ayuda para check cancellation fee esta gestión
check_cancellation_fee,¿Cómo puedo check cancellation fee mi solicitud?
check_cancellation_fee,Ayuda para check cancellation fee el asunto
check_cancellation_fee,¿Me pueden ayudar a check cancellation fee mi solicitud?
check_cancellation_fee,¿Cómo puedo check cancellation fee mi solicitud?
check_cancellation_fee,Necesito check cancellation fee mi solicitud
check_cancellation_fee,No sé cómo check cancellation fee el asunto
check_cancellation_fee,¿Cómo puedo check cancellation fee el asunto?
check_cancellation_fee,¿Cómo puedo check cancellation fee mi solicitud?
check_cancellation_fee,¿Me pueden ayudar a check cancellation fee el asunto?
check_cancellation_fee,¿Me pueden ayudar a check cancellation fee el asunto?
check_cancellation_fee,Quisiera check cancellation fee mi solicitud
check_cancellation_fee,Ayuda para check cancellation fee mi solicitud
check_cancellation_fee,No sé cómo check cancellation fee mi solicitud
check_cancellation_fee,Ayuda para check cancellation fee el asunto
check_cancellation_fee,¿Cómo puedo check cancellation fee mi solicitud?
check_cancellation_fee,Ayuda para check cancellation fee esta gestión
check_cancellation_fee,¿Me pueden ayudar a check cancellation fee el asunto?
check_cancellation_fee,No sé cómo check cancellation fee mi solicitud
check_cancellation_fee,Ayuda para check cancellation fee el asunto
check_cancellation_fee,Necesito check cancellation fee mi solicitud
check_cancellation_fee,Ayuda para check cancellation fee mi solicitud
check_cancellation_fee,No sé cómo check cancellation fee esta gestión
check_cancellation_fee,¿Me pueden ayudar a check cancellation fee esta gestión?
check_cancellation_fee,No sé cómo check cancellation fee el asunto
check_cancellation_fee,Ayuda para check cancellation fee el asunto
check_cancellation_fee,Necesito check cancellation fee mi solicitud
check_cancellation_fee,Ayuda para check cancellation fee el asunto
check_cancellation_fee,Ayuda para check cancellation fee mi solicitud
check_cancellation_fee,¿Me pueden ayudar a check cancellation fee esta gestión?
check_cancellation_fee,Ayuda para check cancellation fee esta gestión
check_cancellation_fee,¿Cómo puedo check cancellation fee mi solicitud?
check_cancellation_fee,¿Cómo puedo check cancellation fee esta gestión?
check_cancellation_fee,No sé cómo check cancellation fee el asunto
check_cancellation_fee,Ayuda para check cancellation fee esta gestión
check_cancellation_fee,No sé cómo check cancellation fee esta gestión
check_cancellation_fee,Quisiera check cancellation fee el asunto
check_cancellation_fee,¿Me pueden ayudar a check cancellation fee mi solicitud?
check_cancellation_fee,¿Cómo puedo check cancellation fee mi solicitud?
check_cancellation_fee,¿Cómo puedo check cancellation fee el asunto?
check_cancellation_fee,Necesito check cancellation fee mi solicitud
check_cancellation_fee,Necesito check cancellation fee el asunto
check_cancellation_fee,Ayuda para check cancellation fee mi solicitud
check_cancellation_fee,Necesito check cancellation fee mi solicitud
check_cancellation_fee,Necesito check cancellation fee mi solicitud
check_cancellation_fee,Necesito check cancellation fee el asunto
check_cancellation_fee,Ayuda para check cancellation fee el asunto
check_cancellation_fee,¿Me pueden ayudar a check cancellation fee esta gestión?
check_cancellation_fee,Quisiera check cancellation fee mi solicitud
check_cancellation_fee,¿Cómo puedo check cancellation fee esta gestión?
check_cancellation_fee,Quisiera check cancellation fee esta gestión
check_cancellation_fee,Quisiera check cancellation fee el asunto
check_cancellation_fee,¿Cómo puedo check cancellation fee el asunto?
check_cancellation_fee,Quisiera check cancellation fee esta gestión
check_cancellation_fee,¿Cómo puedo check cancellation fee el asunto?
check_cancellation_fee,¿Cómo puedo check cancellation fee mi solicitud?
check_cancellation_fee,¿Me pueden ayudar a check cancellation fee el asunto?
check_cancellation_fee,No sé cómo check cancellation fee el asunto
check_cancellation_fee,Ayuda para check cancellation fee esta gestión
check_cancellation_fee,Necesito check cancellation fee mi solicitud
check_cancellation_fee,¿Cómo puedo check cancellation fee esta gestión?
check_cancellation_fee,No sé cómo check cancellation fee esta gestión
check_cancellation_fee,¿Me pueden ayudar a check cancellation fee el asunto?
check_cancellation_fee,¿Cómo puedo check cancellation fee mi solicitud?
check_cancellation_fee,Quisiera check cancellation fee esta gestión
check_cancellation_fee,Quisiera check cancellation fee mi solicitud
check_invoice,No sé cómo check invoice el comprobante
check_invoice,Ayuda para check invoice mi factura
check_invoice,¿Me pueden ayudar a check invoice la factura?
check_invoice,Quisiera check invoice el comprobante
check_invoice,¿Me pueden ayudar a check invoice el comprobante?
check_invoice,¿Cómo puedo check invoice la factura?
check_invoice,¿Me pueden ayudar a check invoice mi factura?
check_invoice,¿Me pueden ayudar a check invoice el comprobante?
check_invoice,Quisiera check invoice el comprobante
check_invoice,Quisiera check invoice mi factura
check_invoice,No sé cómo check invoice mi factura
check_invoice,¿Me pueden ayudar a check invoice mi factura?
check_invoice,Quisiera check invoice el comprobante
check_invoice,¿Me pueden ayudar a check invoice mi factura?
check_invoice,Quisiera check invoice mi factura
check_invoice,Ayuda para check invoice la factura
check_invoice,Ayuda para check invoice mi factura
check_invoice,¿Me pueden ayudar a check invoice mi factura?
check_invoice,¿Me pueden ayudar a check invoice la factura?
check_invoice,Ayuda para check invoice la factura
check_invoice,¿Me pueden ayudar a check invoice el comprobante?
check_invoice,¿Me pueden ayudar a check invoice mi factura?
check_invoice,No sé cómo check invoice el comprobante
check_invoice,Ayuda para check invoice mi factura
check_invoice,Ayuda para check invoice el comprobante
check_invoice,No sé cómo check invoice mi factura
check_invoice,Necesito check invoice la factura
check_invoice,Quisiera check invoice mi factura
check_invoice,Ayuda para check invoice la factura
check_invoice,Ayuda para check invoice el comprobante
check_invoice,No sé cómo check invoice el comprobante
check_invoice,Ayuda para check invoice mi factura
check_invoice,Quisiera check invoice mi factura
check_invoice,Necesito check invoice la factura
check_invoice,Ayuda para check invoice la factura
check_invoice,Necesito check invoice mi factura
check_invoice,Necesito check invoice mi factura
check_invoice,No sé cómo check invoice el comprobante
check_invoice,Necesito check invoice el comprobante
check_invoice,Quisiera check invoice el comprobante
check_invoice,¿Cómo puedo check invoice la factura?
check_invoice,¿Cómo puedo check invoice el comprobante?
check_invoice,Ayuda para check invoice mi factura
check_invoice,No sé cómo check invoice la factura
check_invoice,¿Me pueden ayudar a check invoice mi factura?
check_invoice,¿Me pueden ayudar a check invoice el comprobante?
check_invoice,Ayuda para check invoice mi factura
check_invoice,Quisiera check invoice la factura
check_invoice,Necesito check invoice la factura
check_invoice,Ayuda para check invoice el comprobante
check_invoice,¿Cómo puedo check invoice mi factura?
check_invoice,¿Me pueden ayudar a check invoice el comprobante?
check_invoice,Necesito check invoice mi factura
check_invoice,No sé cómo check invoice el comprobante
check_invoice,Necesito check invoice mi factura
check_invoice,¿Me pueden ayudar a check invoice el comprobante?
check_invoice,Necesito check invoice mi factura
check_invoice,¿Me pueden ayudar a check invoice mi factura?
check_invoice,Necesito check invoice mi factura
check_invoice,Necesito check invoice la factura
check_invoice,Quisiera check invoice el comprobante
check_invoice,¿Cómo puedo check invoice mi factura?
check_invoice,Quisiera check invoice el comprobante
check_invoice,No sé cómo check invoice el comprobante
check_invoice,¿Cómo puedo check invoice la factura?
check_invoice,¿Cómo puedo check invoice el comprobante?
check_invoice,Ayuda para check invoice mi factura
check_invoice,¿Me pueden ayudar a check invoice el comprobante?
check_invoice,No sé cómo check invoice el comprobante
check_invoice,Necesito check invoice la factura
check_invoice,¿Cómo puedo check invoice mi factura?
check_invoice,¿Cómo puedo check invoice mi factura?
check_invoice,¿Cómo puedo check invoice mi factura?
check_invoice,Quisiera check invoice el comprobante
check_invoice,No sé cómo check invoice la factura
check_invoice,Necesito check invoice la factura
check_invoice,Quisiera check invoice el comprobante
check_invoice,Necesito check invoice el comprobante
check_invoice,¿Cómo puedo check invoice el comprobante?
check_invoice,Ayuda para check invoice la factura
check_payment_methods,Quisiera check payment methods la transacción
check_payment_methods,Necesito check payment methods mi tarjeta
check_payment_methods,Ayuda para check payment methods mi tarjeta
check_payment_methods,Necesito check payment methods el pago
check_payment_methods,Quisiera check payment methods mi tarjeta
check_payment_methods,Ayuda para check payment methods el pago
check_payment_methods,Quisiera check payment methods mi tarjeta
check_payment_methods,Ayuda para check payment methods el pago
check_payment_methods,No sé cómo check payment methods la transacción
check_payment_methods,¿Me pueden ayudar a check payment methods el pago?
check_payment_methods,¿Cómo puedo check payment methods el pago?
check_payment_methods,No sé cómo check payment methods mi tarjeta
check_payment_methods,Quisiera check payment methods el pago
check_payment_methods,Quisiera check payment methods la transacción
check_payment_methods,Ayuda para check payment methods la transacción
check_payment_methods,No sé cómo check payment methods la transacción
check_payment_methods,¿Cómo puedo check payment methods la transacción?
check_payment_methods,Ayuda para check payment methods mi tarjeta
check_payment_methods,Ayuda para check payment methods mi tarjeta
check_payment_methods,No sé cómo check payment methods mi tarjeta
check_payment_methods,Necesito check payment methods la transacción
check_payment_methods,No sé cómo check payment methods el pago
check_payment_methods,No sé cómo check payment methods la transacción
check_payment_methods,Quisiera check payment methods el pago
check_payment_methods,¿Me pueden ayudar a check payment methods el pago?
check_payment_methods,Necesito check payment methods la transacción
check_payment_methods,Quisiera check payment methods el pago
check_payment_methods,¿Cómo puedo check payment methods el pago?
check_payment_methods,No sé cómo check payment methods el pago
check_payment_methods,¿Cómo puedo check payment methods el pago?
check_payment_methods,Ayuda para check payment methods mi tarjeta
check_payment_methods,¿Me pueden ayudar a check payment methods la transacción?
check_payment_methods,Ayuda para check payment methods mi tarjeta
check_payment_methods,Quisiera check payment methods el pago
check_payment_methods,Necesito check payment methods la transacción
check_payment_methods,Necesito check payment methods la transacción
check_payment_methods,Ayuda para check payment methods el pago
check_payment_methods,¿Me pueden ayudar a check payment methods el pago?
check_payment_methods,Necesito check payment methods la transacción
check_payment_methods,No sé cómo check payment methods la transacción
check_payment_methods,¿Cómo puedo check payment methods mi tarjeta?
check_payment_methods,Quisiera check payment methods la transacción
check_payment_methods,¿Cómo puedo check payment methods la transacción?
check_payment_methods,¿Cómo puedo check payment methods mi tarjeta?
check_payment_methods,¿Cómo puedo check payment methods el pago?
check_payment_methods,Quisiera check payment methods el pago
check_payment_methods,Necesito check payment methods la transacción
check_payment_methods,¿Me pueden ayudar a check payment methods la transacción?
check_payment_methods,Necesito check payment methods mi tarjeta
check_payment_methods,Quisiera check payment methods mi tarjeta
check_payment_methods,¿Me pueden ayudar a check payment methods mi tarjeta?
check_payment_methods,¿Me pueden ayudar a check payment methods mi tarjeta?
check_payment_methods,Necesito check payment methods la transacción
check_payment_methods,No sé cómo check payment methods mi tarjeta
check_payment_methods,Ayuda para check payment methods el pago
check_payment_methods,No sé cómo check payment methods el pago
check_payment_methods,Ayuda para check payment methods la transacción
check_payment_methods,Necesito check payment methods la transacción
check_payment_methods,Necesito check payment methods el pago
check_payment_methods,Quisiera check payment methods el pago
check_payment_methods,¿Me pueden ayudar a check payment methods la transacción?
check_payment_methods,No sé cómo check payment methods el pago
check_payment_methods,¿Me pueden ayudar a check payment methods mi tarjeta?
check_payment_methods,No sé cómo check payment methods el pago
check_payment_methods,¿Cómo puedo check payment methods mi tarjeta?
check_payment_methods,No sé cómo check payment methods la transacción
check_payment_methods,Ayuda para check payment methods mi tarjeta
check_payment_methods,¿Cómo puedo check payment methods la transacción?
check_payment_methods,Ayuda para check payment methods la transacción
check_payment_methods,Ayuda para check payment methods el pago
check_payment_methods,Ayuda para check payment methods mi tarjeta
check_payment_methods,Ayuda para check payment methods mi tarjeta
check_payment_methods,Necesito check payment methods la transacción
check_payment_methods,Quisiera check payment methods el pago
check_payment_methods,Necesito check payment methods mi tarjeta
check_payment_methods,¿Me pueden ayudar a check payment methods mi tarjeta?
check_payment_methods,Necesito check payment methods la transacción
check_payment_methods,Ayuda para check payment methods la transacción
check_payment_methods,Quisiera check payment methods mi tarjeta
check_payment_methods,Quisiera check payment methods mi tarjeta
check_refund_policy,Necesito check refund policy mi tarjeta
check_refund_policy,Quisiera check refund policy mi tarjeta
check_refund_policy,No sé cómo check refund policy el pago
check_refund_policy,¿Me pueden ayudar a check refund policy la transacción?
check_refund_policy,Ayuda para check refund policy mi tarjeta
check_refund_policy,Quisiera check refund policy el pago
check_refund_policy,No sé cómo check refund policy mi tarjeta
check_refund_policy,No sé cómo check refund policy mi tarjeta
check_refund_policy,¿Me pueden ayudar a check refund policy mi tarjeta?
check_refund_policy,Quisiera check refund policy el pago
check_refund_policy,Necesito check refund policy la transacción
check_refund_policy,¿Cómo puedo check refund policy mi tarjeta?
check_refund_policy,Ayuda para check refund policy la transacción
check_refund_policy,Ayuda para check refund policy el pago
check_refund_policy,Quisiera check refund policy la transacción
check_refund_policy,No sé cómo check refund policy el pago
check_refund_policy,¿Me pueden ayudar a check refund policy el pago?
check_refund_policy,Necesito check refund policy la transacción
check_refund_policy,Quisiera check refund policy la transacción
check_refund_policy,Ayuda para check refund policy el pago
check_refund_policy,¿Cómo puedo check refund policy el pago?
check_refund_policy,Ayuda para check refund policy el pago
check_refund_policy,¿Me pueden ayudar a check refund policy el pago?
check_refund_policy,Ayuda para check refund policy la transacción
check_refund_policy,Necesito check refund policy la transacción
check_refund_policy,¿Me pueden ayudar a check refund policy mi tarjeta?
check_refund_policy,Ayuda para check refund policy mi tarjeta
check_refund_policy,Ayuda para check refund policy el pago
check_refund_policy,Ayuda para check refund policy la transacción
check_refund_policy,¿Cómo puedo check refund policy mi tarjeta?
check_refund_policy,¿Cómo puedo check refund policy la transacción?
check_refund_policy,No sé cómo check refund policy la transacción
check_refund_policy,¿Cómo puedo check refund policy el pago?
check_refund_policy,Necesito check refund policy mi tarjeta
check_refund_policy,Necesito check refund policy la transacción
check_refund_policy,Necesito check refund policy el pago
check_refund_policy,Necesito check refund policy la transacción
check_refund_policy,Necesito check refund policy la transacción
check_refund_policy,No sé cómo check refund policy la transacción
check_refund_policy,Ayuda para check refund policy el pago
check_refund_policy,Ayuda para check refund policy la transacción
check_refund_policy,Ayuda para check refund policy mi tarjeta
check_refund_policy,Necesito check refund policy la transacción
check_refund_policy,No sé cómo check refund policy mi tarjeta
check_refund_policy,Ayuda para check refund policy mi tarjeta
check_refund_policy,¿Cómo puedo check refund policy la transacción?
check_refund_policy,¿Cómo puedo check refund policy la transacción?
check_refund_policy,Ayuda para check refund policy el pago
check_refund_policy,Ayuda para check refund policy el pago
check_refund_policy,Necesito check refund policy la transacción
check_refund_policy,Ayuda para check refund policy la transacción
check_refund_policy,Ayuda para check refund policy mi tarjeta
check_refund_policy,¿Me pueden ayudar a check refund policy la transacción?
check_refund_policy,¿Cómo puedo check refund policy mi tarjeta?
check_refund_policy,Quisiera check refund policy el pago
check_refund_policy,No sé cómo check refund policy la transacción
check_refund_policy,Necesito check refund policy el pago
check_refund_policy,Ayuda para check refund policy el pago
check_refund_policy,No sé cómo check refund policy mi tarjeta
check_refund_policy,Quisiera check refund policy la transacción
check_refund_policy,¿Cómo puedo check refund policy mi tarjeta?
check_refund_policy,¿Me pueden ayudar a check refund policy el pago?
check_refund_policy,Quisiera check refund policy mi tarjeta
check_refund_policy,Necesito check refund policy mi tarjeta
check_refund_policy,No sé cómo check refund policy la transacción
check_refund_policy,Ayuda para check refund policy la transacción
check_refund_policy,Quisiera check refund policy mi tarjeta
check_refund_policy,¿Me pueden ayudar a check refund policy la transacción?
check_refund_policy,Ayuda para check refund policy mi tarjeta
check_refund_policy,¿Me pueden ayudar a check refund policy la transacción?
check_refund_policy,Ayuda para check refund policy la transacción
check_refund_policy,Quisiera check refund policy la transacción
check_refund_policy,Quisiera check refund policy el pago
check_refund_policy,¿Me pueden ayudar a check refund policy la transacción?
check_refund_policy,Necesito check refund policy el pago
check_refund_policy,¿Me pueden ayudar a check refund policy el pago?
check_refund_policy,Ayuda para check refund policy el pago
check_refund_policy,¿Me pueden ayudar a check refund policy la transacción?
check_refund_policy,Quisiera check refund policy mi tarjeta
check_refund_policy,¿Cómo puedo check refund policy la transacción?
complaint,El trato que recibí fue deficiente
complaint,Recibí mala atención
complaint,Recibí mala atención
complaint,El trato que recibí fue deficiente
complaint,No estoy conforme con la atención
complaint,Quiero poner una queja por el mal servicio
complaint,Me atendieron mal y quiero reclamar
complaint,Quiero poner una queja por el mal servicio
complaint,Recibí mala atención
complaint,Me atendieron mal y quiero reclamar
complaint,No estoy conforme con la atención
complaint,Quiero poner una queja por el mal servicio
complaint,Presento un reclamo por mala atención
complaint,No estoy conforme con la atención
complaint,Presento un reclamo por mala atención
complaint,No estoy conforme con la atención
complaint,Presento un reclamo por mala atención
complaint,Recibí mala atención
complaint,El trato que recibí fue deficiente
complaint,Presento un reclamo por mala atención
complaint,Presento un reclamo por mala atención
complaint,No estoy conforme con la atención
complaint,Quiero poner una queja por el mal servicio
complaint,No estoy conforme con la atención
complaint,Quiero poner una queja por el mal servicio
complaint,Me atendieron mal y quiero reclamar
complaint,Me atendieron mal y quiero reclamar
complaint,Presento un reclamo por mala atención
complaint,Recibí mala atención
complaint,El trato que recibí fue deficiente
complaint,Me atendieron mal y quiero reclamar
complaint,Me atendieron mal y quiero reclamar
complaint,El trato que recibí fue deficiente
complaint,Me atendieron mal y quiero reclamar
complaint,Quiero poner una queja por el mal servicio
complaint,Me atendieron mal y quiero reclamar
complaint,Presento un reclamo por mala atención
complaint,Presento un reclamo por mala atención
complaint,Presento un reclamo por mala atención
complaint,El trato que recibí fue deficiente
complaint,Recibí mala atención
complaint,Presento un reclamo por mala atención
complaint,Recibí mala atención
complaint,El trato que recibí fue deficiente
complaint,Quiero poner una queja por el mal servicio
complaint,Quiero poner una queja por el mal servicio
complaint,Me atendieron mal y quiero reclamar
complaint,Quiero poner una queja por el mal servicio
complaint,No estoy conforme con la atención
complaint,Presento un reclamo por mala atención
complaint,Recibí mala atención
complaint,Recibí mala atención
complaint,Quiero poner una queja por el mal servicio
complaint,Me atendieron mal y quiero reclamar
complaint,Recibí mala atención
complaint,Recibí mala atención
complaint,Me atendieron mal y quiero reclamar
complaint,No estoy conforme con la atención
complaint,Presento un reclamo por mala atención
complaint,Me atendieron mal y quiero reclamar
complaint,Presento un reclamo por mala atención
complaint,Recibí mala atención
complaint,No estoy conforme con la atención
complaint,Me atendieron mal y quiero reclamar
complaint,Me atendieron mal y quiero reclamar
complaint,Presento un reclamo por mala atención
complaint,Presento un reclamo por mala atención
complaint,Presento un reclamo por mala atención
complaint,Presento un reclamo por mala atención
complaint,Recibí mala atención
complaint,Recibí mala atención
complaint,El trato que recibí fue deficiente
complaint,Recibí mala atención
complaint,Quiero poner una queja por el mal servicio
complaint,No estoy conforme con la atención
complaint,El trato que recibí fue deficiente
complaint,Me atendieron mal y quiero reclamar
complaint,No estoy conforme con la atención
complaint,No estoy conforme con la atención
complaint,El trato que recibí fue deficiente
complaint,Presento un reclamo por mala atención
complaint,Quiero poner una queja por el mal servicio
complaint,No estoy conforme con la atención
complaint,El trato que recibí fue deficiente
complaint,Presento un reclamo por mala atención
complaint,Me atendieron mal y quiero reclamar
complaint,Recibí mala atención
complaint,El trato que recibí fue deficiente
complaint,Recibí mala atención
complaint,Recibí mala atención
complaint,Presento un reclamo por mala atención
complaint,Recibí mala atención
complaint,Quiero poner una queja por el mal servicio
complaint,Me atendieron mal y quiero reclamar
complaint,Recibí mala atención
complaint,Me atendieron mal y quiero reclamar
complaint,Quiero poner una queja por el mal servicio
complaint,Quiero poner una queja por el mal servicio
complaint,El trato que recibí fue deficiente
complaint,Quiero poner una queja por el mal servicio
complaint,Quiero poner una queja por el mal servicio
complaint,Presento un reclamo por mala atención
complaint,Quiero poner una queja por el mal servicio
complaint,El trato que recibí fue deficiente
complaint,Me atendieron mal y quiero reclamar
complaint,Recibí mala atención
complaint,El trato que recibí fue deficiente
complaint,Quiero poner una queja por el mal servicio
complaint,Me atendieron mal y quiero reclamar
complaint,Presento un reclamo por mala atención
complaint,No estoy conforme con la atención
complaint,El trato que recibí fue deficiente
complaint,No estoy conforme con la atención
complaint,Me atendieron mal y quiero reclamar
complaint,Presento un reclamo por mala atención
complaint,No estoy conforme con la atención
complaint,Recibí mala atención
complaint,No estoy conforme con la atención
complaint,Presento un reclamo por mala atención
complaint,No estoy conforme con la atención
complaint,Recibí mala atención
complaint,El trato que recibí fue deficiente
complaint,Recibí mala atención
complaint,El trato que recibí fue deficiente
complaint,No estoy conforme con la atención
complaint,No estoy conforme con la atención
complaint,Recibí mala atención
complaint,Presento un reclamo por mala atención
complaint,No estoy conforme con la atención
complaint,Quiero poner una queja por el mal servicio
complaint,El trato que recibí fue deficiente
complaint,No estoy conforme con la atención
complaint,Presento un reclamo por mala atención
complaint,El trato que recibí fue deficiente
complaint,El trato que recibí fue deficiente
complaint,El trato que recibí fue deficiente
complaint,Presento un reclamo por mala atención
complaint,Recibí mala atención
complaint,Recibí mala atención
complaint,No estoy conforme con la atención
complaint,Presento un reclamo por mala atención
complaint,Quiero poner una queja por el mal servicio
complaint,Me atendieron mal y quiero reclamar
complaint,Presento un reclamo por mala atención
complaint,No estoy conforme con la atención
complaint,Presento un reclamo por mala atención
complaint,Presento un reclamo por mala atención
complaint,El trato que recibí fue deficiente
complaint,El trato que recibí fue deficiente
complaint,Me atendieron mal y quiero reclamar
complaint,Quiero poner una queja por el mal servicio
complaint,Quiero poner una queja por el mal servicio
complaint,El trato que recibí fue deficiente
complaint,Recibí mala atención
complaint,Me atendieron mal y quiero reclamar
complaint,No estoy conforme con la atención
complaint,Me atendieron mal y quiero reclamar
complaint,Recibí mala atención
complaint,El trato que recibí fue deficiente
complaint,El trato que recibí fue deficiente
service_quality_issue,Recibí mala atención
service_quality_issue,La atención fue muy mala
service_quality_issue,Recibí mala atención
service_quality_issue,Hubo un mal trato en el servicio recibido
service_quality_issue,Recibí mala atención
service_quality_issue,El servicio fue muy malo
service_quality_issue,El servicio fue muy malo
service_quality_issue,La atención fue muy mala
service_quality_issue,Quiero reportar un trato deficiente
service_quality_issue,La experiencia de atención fue insatisfactoria
service_quality_issue,Recibí mala atención
service_quality_issue,La atención fue muy mala
service_quality_issue,Hubo un mal trato en el servicio recibido
service_quality_issue,Quiero reportar un trato deficiente
service_quality_issue,Hubo un mal trato en el servicio recibido
service_quality_issue,El servicio fue muy malo
service_quality_issue,El servicio fue muy malo
service_quality_issue,La atención fue muy mala
service_quality_issue,Quiero reportar un trato deficiente
service_quality_issue,Recibí mala atención
service_quality_issue,Hubo un mal trato en el servicio recibido
service_quality_issue,La experiencia de atención fue insatisfactoria
service_quality_issue,Recibí mala atención
service_quality_issue,El servicio fue muy malo
service_quality_issue,Recibí mala atención
service_quality_issue,Quiero reportar un trato deficiente
service_quality_issue,La atención fue muy mala
service_quality_issue,Quiero reportar un trato deficiente
service_quality_issue,Recibí mala atención
service_quality_issue,El servicio fue muy malo
service_quality_issue,La atención fue muy mala
service_quality_issue,El servicio fue muy malo
service_quality_issue,La experiencia de atención fue insatisfactoria
service_quality_issue,Recibí mala atención
service_quality_issue,Hubo un mal trato en el servicio recibido
service_quality_issue,El servicio fue muy malo
service_quality_issue,El servicio fue muy malo
service_quality_issue,Quiero reportar un trato deficiente
service_quality_issue,La experiencia de atención fue insatisfactoria
service_quality_issue,Hubo un mal trato en el servicio recibido
service_quality_issue,Quiero reportar un trato deficiente
service_quality_issue,El servicio fue muy malo
service_quality_issue,Quiero reportar un trato deficiente
service_quality_issue,La experiencia de atención fue insatisfactoria
service_quality_issue,Hubo un mal trato en el servicio recibido
service_quality_issue,Recibí mala atención
service_quality_issue,Recibí mala atención
service_quality_issue,El servicio fue muy malo
service_quality_issue,La experiencia de atención fue insatisfactoria
service_quality_issue,El servicio fue muy malo
service_quality_issue,Hubo un mal trato en el servicio recibido
service_quality_issue,La atención fue muy mala
service_quality_issue,La atención fue muy mala
service_quality_issue,La experiencia de atención fue insatisfactoria
service_quality_issue,La experiencia de atención fue insatisfactoria
service_quality_issue,Quiero reportar un trato deficiente
service_quality_issue,Hubo un mal trato en el servicio recibido
service_quality_issue,La atención fue muy mala
service_quality_issue,La atención fue muy mala
service_quality_issue,La atención fue muy mala
service_quality_issue,La experiencia de atención fue insatisfactoria
service_quality_issue,Hubo un mal trato en el servicio recibido
service_quality_issue,La atención fue muy mala
service_quality_issue,El servicio fue muy malo
service_quality_issue,Hubo un mal trato en el servicio recibido
service_quality_issue,Hubo un mal trato en el servicio recibido
service_quality_issue,La atención fue muy mala
service_quality_issue,Recibí mala atención
service_quality_issue,El servicio fue muy malo
service_quality_issue,Quiero reportar un trato deficiente
service_quality_issue,Quiero reportar un trato deficiente
service_quality_issue,Quiero reportar un trato deficiente
service_quality_issue,El servicio fue muy malo
service_quality_issue,Recibí mala atención
service_quality_issue,Quiero reportar un trato deficiente
service_quality_issue,Hubo un mal trato en el servicio recibido
service_quality_issue,La experiencia de atención fue insatisfactoria
service_quality_issue,El servicio fue muy malo
service_quality_issue,El servicio fue muy malo
service_quality_issue,Quiero reportar un trato deficiente
service_quality_issue,La experiencia de atención fue insatisfactoria
service_quality_issue,Recibí mala atención
service_quality_issue,Recibí mala atención
service_quality_issue,Hubo un mal trato en el servicio recibido
service_quality_issue,La experiencia de atención fue insatisfactoria
service_quality_issue,Recibí mala atención
service_quality_issue,Hubo un mal trato en el servicio recibido
service_quality_issue,El servicio fue muy malo
service_quality_issue,Quiero reportar un trato deficiente
service_quality_issue,Quiero reportar un trato deficiente
service_quality_issue,El servicio fue muy malo
service_quality_issue,Hubo un mal trato en el servicio recibido
service_quality_issue,Hubo un mal trato en el servicio recibido
service_quality_issue,Recibí mala atención
service_quality_issue,Recibí mala atención
service_quality_issue,Quiero reportar un trato deficiente
service_quality_issue,Hubo un mal trato en el servicio recibido
service_quality_issue,Quiero reportar un trato deficiente
service_quality_issue,La experiencia de atención fue insatisfactoria
service_quality_issue,Quiero reportar un trato deficiente
service_quality_issue,Hubo un mal trato en el servicio recibido
service_quality_issue,La atención fue muy mala
service_quality_issue,Quiero reportar un trato deficiente
service_quality_issue,Hubo un mal trato en el servicio recibido
service_quality_issue,La atención fue muy mala
service_quality_issue,Hubo un mal trato en el servicio recibido
service_quality_issue,La experiencia de atención fue insatisfactoria
service_quality_issue,Recibí mala atención
service_quality_issue,Quiero reportar un trato deficiente
service_quality_issue,La atención fue muy mala
service_quality_issue,El servicio fue muy malo
service_quality_issue,La atención fue muy mala
service_quality_issue,La atención fue muy mala
service_quality_issue,Quiero reportar un trato deficiente
service_quality_issue,La experiencia de atención fue insatisfactoria
service_quality_issue,Hubo un mal trato en el servicio recibido
service_quality_issue,La experiencia de atención fue insatisfactoria
service_quality_issue,La experiencia de atención fue insatisfactoria
service_quality_issue,La atención fue muy mala
service_quality_issue,La atención fue muy mala
service_quality_issue,Hubo un mal trato en el servicio recibido
service_quality_issue,Recibí mala atención
service_quality_issue,Quiero reportar un trato deficiente
service_quality_issue,El servicio fue muy malo
service_quality_issue,Hubo un mal trato en el servicio recibido
service_quality_issue,La atención fue muy mala
service_quality_issue,Quiero reportar un trato deficiente
service_quality_issue,La atención fue muy mala
service_quality_issue,Hubo un mal trato en el servicio recibido
service_quality_issue,El servicio fue muy malo
service_quality_issue,El servicio fue muy malo
service_quality_issue,La atención fue muy mala
service_quality_issue,La experiencia de atención fue insatisfactoria
service_quality_issue,Quiero reportar un trato deficiente
service_quality_issue,Hubo un mal trato en el servicio recibido
service_quality_issue,Quiero reportar un trato deficiente
service_quality_issue,Hubo un mal trato en el servicio recibido
service_quality_issue,Quiero reportar un trato deficiente
service_quality_issue,La atención fue muy mala
service_quality_issue,El servicio fue muy malo
service_quality_issue,El servicio fue muy malo
service_quality_issue,La atención fue muy mala
service_quality_issue,Quiero reportar un trato deficiente
service_quality_issue,El servicio fue muy malo
service_quality_issue,El servicio fue muy malo
service_quality_issue,La atención fue muy mala
service_quality_issue,Recibí mala atención
service_quality_issue,La atención fue muy mala
service_quality_issue,Quiero reportar un trato deficiente
service_quality_issue,Hubo un mal trato en el servicio recibido
service_quality_issue,La atención fue muy mala
service_quality_issue,Recibí mala atención
service_quality_issue,El servicio fue muy malo
service_quality_issue,Hubo un mal trato en el servicio recibido
service_quality_issue,El servicio fue muy malo
service_quality_issue,Recibí mala atención
service_quality_issue,Quiero reportar un trato deficiente
service_quality_issue,La atención fue muy mala
service_quality_issue,Recibí mala atención
service_quality_issue,La atención fue muy mala
contact_customer_service,Quiero contactar servicio al cliente
contact_customer_service,Necesito comunicarme con atención al cliente
contact_customer_service,Necesito que me atienda soporte
contact_customer_service,Quiero contactar servicio al cliente
contact_customer_service,Quiero abrir contacto con servicio al cliente
contact_customer_service,Necesito que me atienda soporte
contact_customer_service,Necesito comunicarme con atención al cliente
contact_customer_service,Quiero abrir contacto con servicio al cliente
contact_customer_service,Necesito que me atienda soporte
contact_customer_service,Necesito comunicarme con atención al cliente
contact_customer_service,Necesito comunicarme con atención al cliente
contact_customer_service,Necesito que me atienda soporte
contact_customer_service,Quiero contactar servicio al cliente
contact_customer_service,Quiero abrir contacto con servicio al cliente
contact_customer_service,Quiero contactar servicio al cliente
contact_customer_service,"Por favor, escalen mi caso a soporte"
contact_customer_service,Quiero contactar servicio al cliente
contact_customer_service,Quiero contactar servicio al cliente
contact_customer_service,Necesito comunicarme con atención al cliente
contact_customer_service,Necesito que me atienda soporte
contact_customer_service,Necesito comunicarme con atención al cliente
contact_customer_service,"Por favor, escalen mi caso a soporte"
contact_customer_service,Necesito comunicarme con atención al cliente
contact_customer_service,Quiero abrir contacto con servicio al cliente
contact_customer_service,Necesito comunicarme con atención al cliente
contact_customer_service,Quiero abrir contacto con servicio al cliente
contact_customer_service,"Por favor, escalen mi caso a soporte"
contact_customer_service,Quiero contactar servicio al cliente
contact_customer_service,Quiero contactar servicio al cliente
contact_customer_service,"Por favor, escalen mi caso a soporte"
contact_customer_service,Necesito que me atienda soporte
contact_customer_service,"Por favor, escalen mi caso a soporte"
contact_customer_service,Necesito comunicarme con atención al cliente
contact_customer_service,"Por favor, escalen mi caso a soporte"
contact_customer_service,"Por favor, escalen mi caso a soporte"
contact_customer_service,Quiero contactar servicio al cliente
contact_customer_service,Quiero abrir contacto con servicio al cliente
contact_customer_service,Quiero abrir contacto con servicio al cliente
contact_customer_service,"Por favor, escalen mi caso a soporte"
contact_customer_service,Quiero abrir contacto con servicio al cliente
contact_customer_service,"Por favor, escalen mi caso a soporte"
contact_customer_service,Quiero contactar servicio al cliente
contact_customer_service,Quiero contactar servicio al cliente
contact_customer_service,Necesito que me atienda soporte
contact_customer_service,Necesito que me atienda soporte
contact_customer_service,"Por favor, escalen mi caso a soporte"
contact_customer_service,Quiero contactar servicio al cliente
contact_customer_service,"Por favor, escalen mi caso a soporte"
contact_customer_service,Quiero abrir contacto con servicio al cliente
contact_customer_service,Necesito comunicarme con atención al cliente
contact_customer_service,"Por favor, escalen mi caso a soporte"
contact_customer_service,Quiero contactar servicio al cliente
contact_customer_service,Necesito que me atienda soporte
contact_customer_service,"Por favor, escalen mi caso a soporte"
contact_customer_service,Quiero contactar servicio al cliente
contact_customer_service,"Por favor, escalen mi caso a soporte"
contact_customer_service,Quiero contactar servicio al cliente
contact_customer_service,Necesito que me atienda soporte
contact_customer_service,Quiero contactar servicio al cliente
contact_customer_service,Quiero contactar servicio al cliente
contact_customer_service,"Por favor, escalen mi caso a soporte"
contact_customer_service,Quiero abrir contacto con servicio al cliente
contact_customer_service,Necesito que me atienda soporte
contact_customer_service,Quiero abrir contacto con servicio al cliente
contact_customer_service,"Por favor, escalen mi caso a soporte"
contact_customer_service,Quiero contactar servicio al cliente
contact_customer_service,Necesito que me atienda soporte
contact_customer_service,Quiero abrir contacto con servicio al cliente
contact_customer_service,"Por favor, escalen mi caso a soporte"
contact_customer_service,Quiero contactar servicio al cliente
contact_customer_service,Necesito comunicarme con atención al cliente
contact_customer_service,Necesito que me atienda soporte
contact_customer_service,Necesito que me atienda soporte
contact_customer_service,"Por favor, escalen mi caso a soporte"
contact_customer_service,Quiero abrir contacto con servicio al cliente
contact_customer_service,Necesito que me atienda soporte
contact_customer_service,Quiero abrir contacto con servicio al cliente
contact_customer_service,Quiero contactar servicio al cliente
contact_customer_service,Quiero contactar servicio al cliente
contact_customer_service,Necesito comunicarme con atención al cliente
contact_customer_service,Quiero contactar servicio al cliente
contact_customer_service,"Por favor, escalen mi caso a soporte"
contact_customer_service,Necesito que me atienda soporte
contact_customer_service,"Por favor, escalen mi caso a soporte"
contact_customer_service,Necesito comunicarme con atención al cliente
contact_customer_service,Necesito que me atienda soporte
contact_customer_service,Quiero contactar servicio al cliente
contact_customer_service,Necesito comunicarme con atención al cliente
contact_customer_service,Quiero abrir contacto con servicio al cliente
contact_customer_service,"Por favor, escalen mi caso a soporte"
contact_customer_service,Quiero abrir contacto con servicio al cliente
contact_customer_service,Necesito que me atienda soporte
contact_customer_service,Quiero contactar servicio al cliente
contact_customer_service,Quiero abrir contacto con servicio al cliente
contact_customer_service,Necesito que me atienda soporte
contact_customer_service,Quiero abrir contacto con servicio al cliente
contact_customer_service,Necesito comunicarme con atención al cliente
contact_customer_service,Quiero contactar servicio al cliente
contact_customer_service,Quiero abrir contacto con servicio al cliente
contact_customer_service,Necesito comunicarme con atención al cliente
contact_customer_service,Necesito comunicarme con atención al cliente
contact_customer_service,Necesito que me atienda soporte
contact_customer_service,Quiero contactar servicio al cliente
contact_customer_service,"Por favor, escalen mi caso a soporte"
contact_customer_service,Necesito comunicarme con atención al cliente
contact_customer_service,Necesito comunicarme con atención al cliente
contact_customer_service,Necesito que me atienda soporte
contact_customer_service,Quiero contactar servicio al cliente
contact_customer_service,Necesito comunicarme con atención al cliente
contact_customer_service,Necesito comunicarme con atención al cliente
contact_customer_service,Necesito que me atienda soporte
contact_customer_service,Necesito que me atienda soporte
contact_customer_service,Necesito que me atienda soporte
contact_customer_service,Necesito comunicarme con atención al cliente
contact_customer_service,Necesito que me atienda soporte
contact_customer_service,Quiero contactar servicio al cliente
contact_customer_service,Quiero contactar servicio al cliente
contact_customer_service,Necesito comunicarme con atención al cliente
contact_customer_service,Necesito que me atienda soporte
contact_customer_service,Quiero abrir contacto con servicio al cliente
contact_human_agent,¿Me pueden transferir con un asesor?
contact_human_agent,"Por favor, que me atienda una persona"
contact_human_agent,Necesito un humano para revisar la gestión
contact_human_agent,Quiero atención humana para la gestión
contact_human_agent,Solicito asesor
contact_human_agent,Necesito hablar con un asesor
contact_human_agent,"Por favor, que me atienda una persona"
contact_human_agent,"Por favor, que me atienda una persona"
contact_human_agent,Quiero atención humana para mi solicitud
contact_human_agent,Quiero atención humana para este problema
contact_human_agent,¿Me pueden transferir con un asesor?
contact_human_agent,"Por favor, que me atienda una persona"
contact_human_agent,Necesito un humano para revisar este problema
contact_human_agent,"No quiero seguir con el bot, necesito un agente"
contact_human_agent,Quiero atención humana para mi solicitud
contact_human_agent,"Por favor, que me atienda una persona"
contact_human_agent,Quiero atención humana para la gestión
contact_human_agent,Necesito hablar con un asesor
contact_human_agent,Solicito asesor
contact_human_agent,Quiero atención humana para la gestión
contact_human_agent,Necesito un humano para revisar la gestión
contact_human_agent,Necesito hablar con un asesor
contact_human_agent,Necesito un humano para revisar este problema
contact_human_agent,"No quiero seguir con el bot, necesito un agente"
contact_human_agent,Necesito hablar con un asesor
contact_human_agent,"Por favor, que me atienda una persona"
contact_human_agent,"Por favor, que me atienda una persona"
contact_human_agent,"Por favor, que me atienda una persona"
contact_human_agent,Solicito asesor
contact_human_agent,"No quiero seguir con el bot, necesito un agente"
contact_human_agent,Necesito hablar con un asesor
contact_human_agent,"No quiero seguir con el bot, necesito un agente"
contact_human_agent,Solicito asesor
contact_human_agent,Quiero atención humana para la gestión
contact_human_agent,"No quiero seguir con el bot, necesito un agente"
contact_human_agent,Quiero atención humana para mi caso
contact_human_agent,Necesito un humano para revisar mi caso
contact_human_agent,"Por favor, que me atienda una persona"
contact_human_agent,Quiero atención humana para este problema
contact_human_agent,Necesito un humano para revisar la gestión
contact_human_agent,Quiero atención humana para mi caso
contact_human_agent,"Por favor, que me atienda una persona"
contact_human_agent,"No quiero seguir con el bot, necesito un agente"
contact_human_agent,Quiero atención humana para este problema
contact_human_agent,Solicito asesor
contact_human_agent,"No quiero seguir con el bot, necesito un agente"
contact_human_agent,Necesito un humano para revisar este problema
contact_human_agent,Necesito un humano para revisar mi caso
contact_human_agent,Necesito hablar con un asesor
contact_human_agent,"Por favor, que me atienda una persona"
contact_human_agent,Necesito un humano para revisar este problema
contact_human_agent,"No quiero seguir con el bot, necesito un agente"
contact_human_agent,Necesito un humano para revisar mi solicitud
contact_human_agent,Necesito hablar con un asesor
contact_human_agent,"No quiero seguir con el bot, necesito un agente"
contact_human_agent,Solicito asesor
contact_human_agent,Necesito hablar con un asesor
contact_human_agent,Necesito un humano para revisar la gestión
contact_human_agent,"No quiero seguir con el bot, necesito un agente"
contact_human_agent,Necesito hablar con un asesor
contact_human_agent,Quiero atención humana para este problema
contact_human_agent,Necesito hablar con un asesor
contact_human_agent,"No quiero seguir con el bot, necesito un agente"
contact_human_agent,"No quiero seguir con el bot, necesito un agente"
contact_human_agent,"No quiero seguir con el bot, necesito un agente"
contact_human_agent,¿Me pueden transferir con un asesor?
contact_human_agent,"Por favor, que me atienda una persona"
contact_human_agent,Quiero atención humana para este problema
contact_human_agent,¿Me pueden transferir con un asesor?
contact_human_agent,"Por favor, que me atienda una persona"
contact_human_agent,Necesito un humano para revisar mi caso
contact_human_agent,"No quiero seguir con el bot, necesito un agente"
contact_human_agent,Quiero atención humana para mi solicitud
contact_human_agent,¿Me pueden transferir con un asesor?
contact_human_agent,"No quiero seguir con el bot, necesito un agente"
contact_human_agent,Necesito hablar con un asesor
contact_human_agent,Necesito hablar con un asesor
contact_human_agent,Solicito asesor
contact_human_agent,Necesito hablar con un asesor
contact_human_agent,"Por favor, que me atienda una persona"
contact_human_agent,"Por favor, que me atienda una persona"
contact_human_agent,"Por favor, que me atienda una persona"
contact_human_agent,"Por favor, que me atienda una persona"
contact_human_agent,Necesito un humano para revisar mi caso
contact_human_agent,¿Me pueden transferir con un asesor?
contact_human_agent,"No quiero seguir con el bot, necesito un agente"
contact_human_agent,"No quiero seguir con el bot, necesito un agente"
contact_human_agent,¿Me pueden transferir con un asesor?
contact_human_agent,"No quiero seguir con el bot, necesito un agente"
contact_human_agent,Quiero atención humana para mi solicitud
contact_human_agent,"Por favor, que me atienda una persona"
contact_human_agent,"No quiero seguir con el bot, necesito un agente"
contact_human_agent,¿Me pueden transferir con un asesor?
contact_human_agent,"No quiero seguir con el bot, necesito un agente"
contact_human_agent,Necesito hablar con un asesor
contact_human_agent,Quiero atención humana para este problema
contact_human_agent,Necesito hablar con un asesor
contact_human_agent,Necesito un humano para revisar este problema
contact_human_agent,¿Me pueden transferir con un asesor?
contact_human_agent,¿Me pueden transferir con un asesor?
contact_human_agent,Quiero atención humana para la gestión
contact_human_agent,Quiero atención humana para este problema
contact_human_agent,Quiero atención humana para mi caso
contact_human_agent,"No quiero seguir con el bot, necesito un agente"
contact_human_agent,"Por favor, que me atienda una persona"
contact_human_agent,Necesito un humano para revisar mi solicitud
contact_human_agent,Quiero atención humana para mi caso
contact_human_agent,Quiero atención humana para mi caso
contact_human_agent,Quiero atención humana para la gestión
contact_human_agent,¿Me pueden transferir con un asesor?
contact_human_agent,¿Me pueden transferir con un asesor?
contact_human_agent,Necesito hablar con un asesor
contact_human_agent,Necesito un humano para revisar este problema
contact_human_agent,"No quiero seguir con el bot, necesito un agente"
contact_human_agent,Necesito hablar con un asesor
contact_human_agent,"No quiero seguir con el bot, necesito un agente"
contact_human_agent,Necesito hablar con un asesor
contact_human_agent,¿Me pueden transferir con un asesor?
contact_human_agent,¿Me pueden transferir con un asesor?
contact_human_agent,Solicito asesor
contact_human_agent,"Por favor, que me atienda una persona"
contact_human_agent,¿Me pueden transferir con un asesor?
contact_human_agent,Solicito asesor
contact_human_agent,Solicito asesor
contact_human_agent,"Por favor, que me atienda una persona"
contact_human_agent,"Por favor, que me atienda una persona"
contact_human_agent,Necesito un humano para revisar este problema
contact_human_agent,Quiero atención humana para este problema
contact_human_agent,¿Me pueden transferir con un asesor?
contact_human_agent,Necesito un humano para revisar mi caso
contact_human_agent,¿Me pueden transferir con un asesor?
contact_human_agent,"No quiero seguir con el bot, necesito un agente"
contact_human_agent,Necesito hablar con un asesor
contact_human_agent,Necesito un humano para revisar mi solicitud
contact_human_agent,Solicito asesor
contact_human_agent,Necesito un humano para revisar la gestión
contact_human_agent,Necesito hablar con un asesor
contact_human_agent,Solicito asesor
contact_human_agent,Quiero atención humana para mi caso
contact_human_agent,Quiero atención humana para este problema
contact_human_agent,"Por favor, que me atienda una persona"
contact_human_agent,Necesito hablar con un asesor
contact_human_agent,Quiero atención humana para mi solicitud
contact_human_agent,Necesito un humano para revisar mi caso
contact_human_agent,Quiero atención humana para mi solicitud
contact_human_agent,¿Me pueden transferir con un asesor?
contact_human_agent,¿Me pueden transferir con un asesor?
contact_human_agent,¿Me pueden transferir con un asesor?
contact_human_agent,Solicito asesor
contact_human_agent,Necesito un humano para revisar este problema
contact_human_agent,"No quiero seguir con el bot, necesito un agente"
contact_human_agent,Necesito hablar con un asesor
contact_human_agent,Necesito un humano para revisar la gestión
contact_human_agent,"No quiero seguir con el bot, necesito un agente"
contact_human_agent,Solicito asesor
contact_human_agent,¿Me pueden transferir con un asesor?
contact_human_agent,Necesito hablar con un asesor
contact_human_agent,"Por favor, que me atienda una persona"
contact_human_agent,Necesito hablar con un asesor
contact_human_agent,Quiero atención humana para la gestión
create_account,¿Cómo puedo create account la cuenta?
create_account,Necesito create account la cuenta
create_account,Necesito create account mi cuenta
create_account,Necesito create account la cuenta
create_account,¿Me pueden ayudar a create account mi cuenta?
create_account,Quisiera create account mi cuenta
create_account,Ayuda para create account la cuenta
create_account,¿Cómo puedo create account la cuenta?
create_account,¿Me pueden ayudar a create account la cuenta?
create_account,¿Me pueden ayudar a create account mi cuenta?
create_account,¿Me pueden ayudar a create account la cuenta?
create_account,Necesito create account mi cuenta
create_account,¿Cómo puedo create account mi cuenta?
create_account,Ayuda para create account mi cuenta
create_account,Ayuda para create account la cuenta
create_account,Ayuda para create account la cuenta
create_account,No sé cómo create account mi cuenta
create_account,¿Cómo puedo create account mi cuenta?
create_account,No sé cómo create account la cuenta
create_account,No sé cómo create account la cuenta
create_account,Quisiera create account mi cuenta
create_account,Quisiera create account mi cuenta
create_account,No sé cómo create account mi cuenta
create_account,¿Cómo puedo create account la cuenta?
create_account,No sé cómo create account la cuenta
create_account,Quisiera create account mi cuenta
create_account,¿Me pueden ayudar a create account la cuenta?
create_account,Quisiera create account la cuenta
create_account,Quisiera create account la cuenta
create_account,¿Cómo puedo create account la cuenta?
create_account,Ayuda para create account mi cuenta
create_account,No sé cómo create account la cuenta
create_account,¿Me pueden ayudar a create account la cuenta?
create_account,¿Me pueden ayudar a create account mi cuenta?
create_account,Ayuda para create account la cuenta
create_account,Quisiera create account mi cuenta
create_account,No sé cómo create account mi cuenta
create_account,Quisiera create account la cuenta
create_account,Necesito create account mi cuenta
create_account,No sé cómo create account mi cuenta
create_account,Quisiera create account la cuenta
create_account,Quisiera create account la cuenta
create_account,Ayuda para create account mi cuenta
create_account,¿Cómo puedo create account la cuenta?
create_account,Necesito create account la cuenta
create_account,Ayuda para create account la cuenta
create_account,Ayuda para create account mi cuenta
create_account,¿Me pueden ayudar a create account mi cuenta?
create_account,¿Me pueden ayudar a create account la cuenta?
create_account,Quisiera create account mi cuenta
create_account,No sé cómo create account la cuenta
create_account,No sé cómo create account mi cuenta
create_account,¿Me pueden ayudar a create account mi cuenta?
create_account,Quisiera create account mi cuenta
create_account,Necesito create account la cuenta
create_account,¿Me pueden ayudar a create account la cuenta?
create_account,No sé cómo create account la cuenta
create_account,¿Cómo puedo create account mi cuenta?
create_account,Ayuda para create account la cuenta
create_account,¿Cómo puedo create account la cuenta?
create_account,¿Cómo puedo create account mi cuenta?
create_account,Quisiera create account la cuenta
create_account,No sé cómo create account mi cuenta
create_account,¿Cómo puedo create account mi cuenta?
create_account,Quisiera create account mi cuenta
create_account,No sé cómo create account mi cuenta
create_account,Ayuda para create account mi cuenta
create_account,¿Cómo puedo create account mi cuenta?
create_account,Ayuda para create account la cuenta
create_account,¿Cómo puedo create account mi cuenta?
create_account,Quisiera create account mi cuenta
create_account,No sé cómo create account la cuenta
create_account,¿Cómo puedo create account la cuenta?
create_account,No sé cómo create account la cuenta
create_account,¿Cómo puedo create account la cuenta?
create_account,¿Cómo puedo create account mi cuenta?
create_account,Ayuda para create account la cuenta
create_account,Necesito create account mi cuenta
create_account,No sé cómo create account mi cuenta
create_account,¿Me pueden ayudar a create account la cuenta?
delete_account,No sé cómo delete account la cuenta
delete_account,Quisiera delete account la cuenta
delete_account,¿Me pueden ayudar a delete account la cuenta?
delete_account,No sé cómo delete account la cuenta
delete_account,¿Me pueden ayudar a delete account la cuenta?
delete_account,Ayuda para delete account mi cuenta
delete_account,Necesito delete account la cuenta
delete_account,¿Cómo puedo delete account la cuenta?
delete_account,¿Cómo puedo delete account mi cuenta?
delete_account,Necesito delete account mi cuenta
delete_account,Ayuda para delete account mi cuenta
delete_account,No sé cómo delete account la cuenta
delete_account,Ayuda para delete account mi cuenta
delete_account,Ayuda para delete account mi cuenta
delete_account,Necesito delete account mi cuenta
delete_account,Necesito delete account mi cuenta
delete_account,Ayuda para delete account la cuenta
delete_account,Quisiera delete account mi cuenta
delete_account,Quisiera delete account la cuenta
delete_account,Ayuda para delete account mi cuenta
delete_account,Quisiera delete account mi cuenta
delete_account,No sé cómo delete account mi cuenta
delete_account,Ayuda para delete account mi cuenta
delete_account,Necesito delete account la cuenta
delete_account,Quisiera delete account mi cuenta
delete_account,¿Cómo puedo delete account mi cuenta?
delete_account,¿Me pueden ayudar a delete account la cuenta?
delete_account,¿Cómo puedo delete account mi cuenta?
delete_account,Ayuda para delete account mi cuenta
delete_account,No sé cómo delete account la cuenta
delete_account,Necesito delete account la cuenta
delete_account,Ayuda para delete account la cuenta
delete_account,Necesito delete account la cuenta
delete_account,Necesito delete account la cuenta
delete_account,Ayuda para delete account mi cuenta
delete_account,¿Me pueden ayudar a delete account la cuenta?
delete_account,Necesito delete account mi cuenta
delete_account,Necesito delete account la cuenta
delete_account,Ayuda para delete account mi cuenta
delete_account,No sé cómo delete account mi cuenta
delete_account,¿Me pueden ayudar a delete account mi cuenta?
delete_account,Quisiera delete account la cuenta
delete_account,No sé cómo delete account la cuenta
delete_account,Necesito delete account mi cuenta
delete_account,¿Cómo puedo delete account la cuenta?
delete_account,¿Cómo puedo delete account la cuenta?
delete_account,No sé cómo delete account mi cuenta
delete_account,Ayuda para delete account la cuenta
delete_account,Necesito delete account la cuenta
delete_account,¿Me pueden ayudar a delete account la cuenta?
delete_account,Ayuda para delete account mi cuenta
delete_account,¿Me pueden ayudar a delete account la cuenta?
delete_account,¿Cómo puedo delete account mi cuenta?
delete_account,¿Me pueden ayudar a delete account la cuenta?
delete_account,¿Cómo puedo delete account mi cuenta?
delete_account,No sé cómo delete account mi cuenta
delete_account,Quisiera delete account mi cuenta
delete_account,Quisiera delete account la cuenta
delete_account,¿Cómo puedo delete account mi cuenta?
delete_account,Quisiera delete account mi cuenta
delete_account,Quisiera delete account mi cuenta
delete_account,No sé cómo delete account la cuenta
delete_account,Necesito delete account mi cuenta
delete_account,No sé cómo delete account la cuenta
delete_account,¿Me pueden ayudar a delete account la cuenta?
delete_account,Quisiera delete account mi cuenta
delete_account,No sé cómo delete account la cuenta
delete_account,Quisiera delete account mi cuenta
delete_account,No sé cómo delete account la cuenta
delete_account,No sé cómo delete account la cuenta
delete_account,Quisiera delete account la cuenta
delete_account,¿Cómo puedo delete account mi cuenta?
delete_account,Quisiera delete account mi cuenta
delete_account,¿Cómo puedo delete account mi cuenta?
delete_account,No sé cómo delete account la cuenta
delete_account,Necesito delete account la cuenta
delete_account,Ayuda para delete account mi cuenta
delete_account,Necesito delete account la cuenta
delete_account,Ayuda para delete account mi cuenta
delete_account,¿Me pueden ayudar a delete account mi cuenta?
delivery_options,Necesito delivery options esta gestión
delivery_options,Quisiera delivery options esta gestión
delivery_options,¿Me pueden ayudar a delivery options el asunto?
delivery_options,Quisiera delivery options mi solicitud
delivery_options,Ayuda para delivery options mi solicitud
delivery_options,No sé cómo delivery options mi solicitud
delivery_options,Quisiera delivery options esta gestión
delivery_options,Quisiera delivery options esta gestión
delivery_options,¿Cómo puedo delivery options el asunto?
delivery_options,Ayuda para delivery options mi solicitud
delivery_options,¿Me pueden ayudar a delivery options mi solicitud?
delivery_options,No sé cómo delivery options el asunto
delivery_options,No sé cómo delivery options el asunto
delivery_options,¿Cómo puedo delivery options el asunto?
delivery_options,¿Me pueden ayudar a delivery options esta gestión?
delivery_options,Ayuda para delivery options mi solicitud
delivery_options,Quisiera delivery options el asunto
delivery_options,¿Me pueden ayudar a delivery options mi solicitud?
delivery_options,No sé cómo delivery options esta gestión
delivery_options,¿Me pueden ayudar a delivery options el asunto?
delivery_options,¿Cómo puedo delivery options mi solicitud?
delivery_options,Quisiera delivery options el asunto
delivery_options,No sé cómo delivery options el asunto
delivery_options,¿Me pueden ayudar a delivery options mi solicitud?
delivery_options,Quisiera delivery options mi solicitud
delivery_options,¿Cómo puedo delivery options esta gestión?
delivery_options,¿Cómo puedo delivery options esta gestión?
delivery_options,Ayuda para delivery options esta gestión
delivery_options,No sé cómo delivery options mi solicitud
delivery_options,Ayuda para delivery options esta gestión
delivery_options,¿Cómo puedo delivery options esta gestión?
delivery_options,¿Me pueden ayudar a delivery options el asunto?
delivery_options,No sé cómo delivery options esta gestión
delivery_options,Necesito delivery options el asunto
delivery_options,Quisiera delivery options mi solicitud
delivery_options,¿Cómo puedo delivery options el asunto?
delivery_options,Necesito delivery options esta gestión
delivery_options,No sé cómo delivery options esta gestión
delivery_options,Ayuda para delivery options mi solicitud
delivery_options,Quisiera delivery options esta gestión
delivery_options,Necesito delivery options mi solicitud
delivery_options,Ayuda para delivery options el asunto
delivery_options,Necesito delivery options esta gestión
delivery_options,Ayuda para delivery options mi solicitud
delivery_options,¿Cómo puedo delivery options esta gestión?
delivery_options,No sé cómo delivery options esta gestión
delivery_options,Ayuda para delivery options el asunto
delivery_options,No sé cómo delivery options mi solicitud
delivery_options,¿Cómo puedo delivery options esta gestión?
delivery_options,Quisiera delivery options el asunto
delivery_options,Necesito delivery options el asunto
delivery_options,Ayuda para delivery options esta gestión
delivery_options,¿Me pueden ayudar a delivery options el asunto?
delivery_options,¿Me pueden ayudar a delivery options mi solicitud?
delivery_options,Necesito delivery options mi solicitud
delivery_options,Quisiera delivery options el asunto
delivery_options,Quisiera delivery options mi solicitud
delivery_options,Ayuda para delivery options mi solicitud
delivery_options,Necesito delivery options el asunto
delivery_options,¿Cómo puedo delivery options el asunto?
delivery_options,¿Cómo puedo delivery options mi solicitud?
delivery_options,Ayuda para delivery options esta gestión
delivery_options,No sé cómo delivery options esta gestión
delivery_options,Ayuda para delivery options el asunto
delivery_options,Quisiera delivery options el asunto
delivery_options,Necesito delivery options esta gestión
delivery_options,Quisiera delivery options esta gestión
delivery_options,No sé cómo delivery options mi solicitud
delivery_options,Ayuda para delivery options el asunto
delivery_options,Necesito delivery options mi solicitud
delivery_options,Ayuda para delivery options el asunto
delivery_options,¿Me pueden ayudar a delivery options esta gestión?
delivery_options,¿Cómo puedo delivery options esta gestión?
delivery_options,No sé cómo delivery options el asunto
delivery_options,¿Me pueden ayudar a delivery options mi solicitud?
delivery_options,¿Cómo puedo delivery options el asunto?
delivery_options,Necesito delivery options mi solicitud
delivery_options,Necesito delivery options mi solicitud
delivery_options,¿Cómo puedo delivery options el asunto?
delivery_options,¿Cómo puedo delivery options mi solicitud?
delivery_period,Necesito delivery period mi solicitud
delivery_period,Necesito delivery period mi solicitud
delivery_period,Quisiera delivery period mi solicitud
delivery_period,Necesito delivery period el asunto
delivery_period,¿Me pueden ayudar a delivery period esta gestión?
delivery_period,Ayuda para delivery period esta gestión
delivery_period,No sé cómo delivery period el asunto
delivery_period,Ayuda para delivery period el asunto
delivery_period,¿Cómo puedo delivery period mi solicitud?
delivery_period,Quisiera delivery period mi solicitud
delivery_period,Necesito delivery period esta gestión
delivery_period,Ayuda para delivery period mi solicitud
delivery_period,Ayuda para delivery period mi solicitud
delivery_period,Ayuda para delivery period esta gestión
delivery_period,No sé cómo delivery period el asunto
delivery_period,Necesito delivery period mi solicitud
delivery_period,No sé cómo delivery period esta gestión
delivery_period,¿Cómo puedo delivery period mi solicitud?
delivery_period,Necesito delivery period el asunto
delivery_period,Ayuda para delivery period mi solicitud
delivery_period,Necesito delivery period esta gestión
delivery_period,¿Me pueden ayudar a delivery period esta gestión?
delivery_period,Ayuda para delivery period esta gestión
delivery_period,¿Cómo puedo delivery period mi solicitud?
delivery_period,Ayuda para delivery period mi solicitud
delivery_period,Ayuda para delivery period mi solicitud
delivery_period,Quisiera delivery period esta gestión
delivery_period,¿Cómo puedo delivery period esta gestión?
delivery_period,No sé cómo delivery period el asunto
delivery_period,¿Me pueden ayudar a delivery period esta gestión?
delivery_period,Quisiera delivery period esta gestión
delivery_period,Ayuda para delivery period esta gestión
delivery_period,¿Cómo puedo delivery period mi solicitud?
delivery_period,Necesito delivery period esta gestión
delivery_period,Quisiera delivery period mi solicitud
delivery_period,¿Me pueden ayudar a delivery period mi solicitud?
delivery_period,¿Cómo puedo delivery period esta gestión?
delivery_period,Necesito delivery period el asunto
delivery_period,Necesito delivery period esta gestión
delivery_period,¿Cómo puedo delivery period esta gestión?
delivery_period,Ayuda para delivery period mi solicitud
delivery_period,Quisiera delivery period mi solicitud
delivery_period,No sé cómo delivery period mi solicitud
delivery_period,No sé cómo delivery period mi solicitud
delivery_period,No sé cómo delivery period esta gestión
delivery_period,¿Me pueden ayudar a delivery period mi solicitud?
delivery_period,No sé cómo delivery period el asunto
delivery_period,Necesito delivery period esta gestión
delivery_period,No sé cómo delivery period esta gestión
delivery_period,¿Me pueden ayudar a delivery period el asunto?
delivery_period,Quisiera delivery period el asunto
delivery_period,¿Me pueden ayudar a delivery period esta gestión?
delivery_period,Necesito delivery period el asunto
delivery_period,¿Me pueden ayudar a delivery period esta gestión?
delivery_period,Quisiera delivery period esta gestión
delivery_period,¿Me pueden ayudar a delivery period esta gestión?
delivery_period,¿Me pueden ayudar a delivery period mi solicitud?
delivery_period,Necesito delivery period mi solicitud
delivery_period,Quisiera delivery period el asunto
delivery_period,Quisiera delivery period mi solicitud
delivery_period,¿Cómo puedo delivery period esta gestión?
delivery_period,¿Me pueden ayudar a delivery period esta gestión?
delivery_period,No sé cómo delivery period esta gestión
delivery_period,¿Me pueden ayudar a delivery period esta gestión?
delivery_period,¿Cómo puedo delivery period mi solicitud?
delivery_period,Necesito delivery period mi solicitud
delivery_period,Ayuda para delivery period esta gestión
delivery_period,No sé cómo delivery period esta gestión
delivery_period,No sé cómo delivery period el asunto
delivery_period,Necesito delivery period el asunto
delivery_period,Ayuda para delivery period el asunto
delivery_period,Necesito delivery period mi solicitud
delivery_period,Quisiera delivery period el asunto
delivery_period,¿Me pueden ayudar a delivery period el asunto?
delivery_period,Necesito delivery period mi solicitud
delivery_period,Necesito delivery period mi solicitud
delivery_period,¿Cómo puedo delivery period esta gestión?
delivery_period,Ayuda para delivery period mi solicitud
delivery_period,Ayuda para delivery period el asunto
delivery_period,Ayuda para delivery period esta gestión
edit_account,¿Me pueden ayudar a edit account la cuenta?
edit_account,Necesito edit account mi cuenta
edit_account,Necesito edit account mi cuenta
edit_account,¿Me pueden ayudar a edit account mi cuenta?
edit_account,Quisiera edit account la cuenta
edit_account,¿Me pueden ayudar a edit account mi cuenta?
edit_account,¿Me pueden ayudar a edit account mi cuenta?
edit_account,¿Me pueden ayudar a edit account mi cuenta?
edit_account,No sé cómo edit account mi cuenta
edit_account,No sé cómo edit account mi cuenta
edit_account,Necesito edit account la cuenta
edit_account,Ayuda para edit account mi cuenta
edit_account,Ayuda para edit account mi cuenta
edit_account,¿Cómo puedo edit account la cuenta?
edit_account,Ayuda para edit account mi cuenta
edit_account,¿Me pueden ayudar a edit account mi cuenta?
edit_account,Ayuda para edit account la cuenta
edit_account,Ayuda para edit account mi cuenta
edit_account,¿Me pueden ayudar a edit account mi cuenta?
edit_account,¿Cómo puedo edit account la cuenta?
edit_account,¿Me pueden ayudar a edit account mi cuenta?
edit_account,No sé cómo edit account mi cuenta
edit_account,No sé cómo edit account mi cuenta
edit_account,Necesito edit account la cuenta
edit_account,¿Cómo puedo edit account la cuenta?
edit_account,Quisiera edit account la cuenta
edit_account,¿Me pueden ayudar a edit account la cuenta?
edit_account,No sé cómo edit account la cuenta
edit_account,No sé cómo edit account la cuenta
edit_account,No sé cómo edit account la cuenta
edit_account,No sé cómo edit account mi cuenta
edit_account,Necesito edit account la cuenta
edit_account,Ayuda para edit account mi cuenta
edit_account,¿Me pueden ayudar a edit account la cuenta?
edit_account,No sé cómo edit account mi cuenta
edit_account,¿Me pueden ayudar a edit account mi cuenta?
edit_account,Necesito edit account mi cuenta
edit_account,¿Cómo puedo edit account la cuenta?
edit_account,Quisiera edit account mi cuenta
edit_account,Necesito edit account mi cuenta
edit_account,No sé cómo edit account la cuenta
edit_account,Ayuda para edit account mi cuenta
edit_account,No sé cómo edit account la cuenta
edit_account,Ayuda para edit account mi cuenta
edit_account,Ayuda para edit account mi cuenta
edit_account,No sé cómo edit account mi cuenta
edit_account,Ayuda para edit account la cuenta
edit_account,¿Cómo puedo edit account mi cuenta?
edit_account,Necesito edit account la cuenta
edit_account,No sé cómo edit account mi cuenta
edit_account,Necesito edit account mi cuenta
edit_account,Ayuda para edit account mi cuenta
edit_account,¿Cómo puedo edit account la cuenta?
edit_account,No sé cómo edit account la cuenta
edit_account,Ayuda para edit account la cuenta
edit_account,Ayuda para edit account la cuenta
edit_account,Ayuda para edit account mi cuenta
edit_account,Quisiera edit account mi cuenta
edit_account,¿Cómo puedo edit account la cuenta?
edit_account,Quisiera edit account la cuenta
edit_account,¿Cómo puedo edit account la cuenta?
edit_account,¿Cómo puedo edit account la cuenta?
edit_account,No sé cómo edit account la cuenta
edit_account,No sé cómo edit account mi cuenta
edit_account,No sé cómo edit account mi cuenta
edit_account,Necesito edit account la cuenta
edit_account,No sé cómo edit account mi cuenta
edit_account,¿Me pueden ayudar a edit account la cuenta?
edit_account,No sé cómo edit account mi cuenta
edit_account,Ayuda para edit account mi cuenta
edit_account,¿Me pueden ayudar a edit account mi cuenta?
edit_account,Necesito edit account mi cuenta
edit_account,Ayuda para edit account la cuenta
edit_account,Necesito edit account mi cuenta
edit_account,Ayuda para edit account mi cuenta
edit_account,¿Cómo puedo edit account mi cuenta?
edit_account,¿Me pueden ayudar a edit account la cuenta?
edit_account,¿Me pueden ayudar a edit account la cuenta?
edit_account,¿Cómo puedo edit account mi cuenta?
edit_account,¿Cómo puedo edit account mi cuenta?
get_invoice,Quisiera get invoice el comprobante
get_invoice,Necesito get invoice el comprobante
get_invoice,Necesito get invoice el comprobante
get_invoice,No sé cómo get invoice la factura
get_invoice,Necesito get invoice el comprobante
get_invoice,Necesito get invoice mi factura
get_invoice,No sé cómo get invoice mi factura
get_invoice,No sé cómo get invoice el comprobante
get_invoice,Quisiera get invoice la factura
get_invoice,Ayuda para get invoice la factura
get_invoice,Necesito get invoice el comprobante
get_invoice,¿Cómo puedo get invoice el comprobante?
get_invoice,¿Cómo puedo get invoice la factura?
get_invoice,¿Cómo puedo get invoice el comprobante?
get_invoice,Necesito get invoice la factura
get_invoice,¿Me pueden ayudar a get invoice mi factura?
get_invoice,Ayuda para get invoice la factura
get_invoice,No sé cómo get invoice el comprobante
get_invoice,Necesito get invoice el comprobante
get_invoice,Ayuda para get invoice mi factura
get_invoice,Ayuda para get invoice la factura
get_invoice,¿Me pueden ayudar a get invoice la factura?
get_invoice,Ayuda para get invoice el comprobante
get_invoice,¿Me pueden ayudar a get invoice mi factura?
get_invoice,¿Me pueden ayudar a get invoice mi factura?
get_invoice,Ayuda para get invoice mi factura
get_invoice,Necesito get invoice el comprobante
get_invoice,Quisiera get invoice el comprobante
get_invoice,Quisiera get invoice el comprobante
get_invoice,Ayuda para get invoice el comprobante
get_invoice,¿Me pueden ayudar a get invoice el comprobante?
get_invoice,Necesito get invoice la factura
get_invoice,No sé cómo get invoice mi factura
get_invoice,¿Cómo puedo get invoice mi factura?
get_invoice,¿Cómo puedo get invoice mi factura?
get_invoice,Necesito get invoice mi factura
get_invoice,Necesito get invoice mi factura
get_invoice,No sé cómo get invoice el comprobante
get_invoice,¿Cómo puedo get invoice el comprobante?
get_invoice,Ayuda para get invoice mi factura
get_invoice,¿Me pueden ayudar a get invoice la factura?
get_invoice,Quisiera get invoice la factura
get_invoice,¿Me pueden ayudar a get invoice mi factura?
get_invoice,Quisiera get invoice la factura
get_invoice,¿Cómo puedo get invoice mi factura?
get_invoice,Ayuda para get invoice la factura
get_invoice,Ayuda para get invoice la factura
get_invoice,¿Me pueden ayudar a get invoice la factura?
get_invoice,¿Me pueden ayudar a get invoice mi factura?
get_invoice,¿Cómo puedo get invoice mi factura?
get_invoice,Quisiera get invoice el comprobante
get_invoice,Necesito get invoice mi factura
get_invoice,Quisiera get invoice mi factura
get_invoice,¿Me pueden ayudar a get invoice el comprobante?
get_invoice,¿Cómo puedo get invoice la factura?
get_invoice,Ayuda para get invoice el comprobante
get_invoice,Necesito get invoice el comprobante
get_invoice,¿Me pueden ayudar a get invoice la factura?
get_invoice,Ayuda para get invoice el comprobante
get_invoice,Quisiera get invoice el comprobante
get_invoice,Quisiera get invoice la factura
get_invoice,¿Cómo puedo get invoice mi factura?
get_invoice,Quisiera get invoice la factura
get_invoice,No sé cómo get invoice la factura
get_invoice,No sé cómo get invoice el comprobante
get_invoice,Ayuda para get invoice la factura
get_invoice,Quisiera get invoice el comprobante
get_invoice,Necesito get invoice la factura
get_invoice,Ayuda para get invoice el comprobante
get_invoice,¿Cómo puedo get invoice mi factura?
get_invoice,Quisiera get invoice la factura
get_invoice,Ayuda para get invoice la factura
get_invoice,¿Me pueden ayudar a get invoice la factura?
get_invoice,Quisiera get invoice mi factura
get_invoice,Necesito get invoice mi factura
get_invoice,¿Cómo puedo get invoice mi factura?
get_invoice,¿Cómo puedo get invoice el comprobante?
get_invoice,¿Me pueden ayudar a get invoice la factura?
get_invoice,Quisiera get invoice el comprobante
get_invoice,No sé cómo get invoice la factura
get_refund,No sé cómo get refund la transacción
get_refund,¿Cómo puedo get refund mi tarjeta?
get_refund,Necesito get refund la transacción
get_refund,¿Cómo puedo get refund la transacción?
get_refund,¿Me pueden ayudar a get refund el pago?
get_refund,Ayuda para get refund la transacción
get_refund,¿Me pueden ayudar a get refund mi tarjeta?
get_refund,¿Cómo puedo get refund el pago?
get_refund,Quisiera get refund el pago
get_refund,Quisiera get refund la transacción
get_refund,¿Me pueden ayudar a get refund mi tarjeta?
get_refund,Necesito get refund mi tarjeta
get_refund,Necesito get refund el pago
get_refund,¿Cómo puedo get refund mi tarjeta?
get_refund,¿Me pueden ayudar a get refund el pago?
get_refund,¿Cómo puedo get refund la transacción?
get_refund,No sé cómo get refund la transacción
get_refund,¿Me pueden ayudar a get refund la transacción?
get_refund,Necesito get refund la transacción
get_refund,Quisiera get refund la transacción
get_refund,Necesito get refund el pago
get_refund,No sé cómo get refund la transacción
get_refund,No sé cómo get refund el pago
get_refund,¿Me pueden ayudar a get refund mi tarjeta?
get_refund,Necesito get refund la transacción
get_refund,Quisiera get refund el pago
get_refund,Ayuda para get refund mi tarjeta
get_refund,Quisiera get refund el pago
get_refund,Ayuda para get refund la transacción
get_refund,No sé cómo get refund el pago
get_refund,No sé cómo get refund el pago
get_refund,Necesito get refund mi tarjeta
get_refund,¿Cómo puedo get refund mi tarjeta?
get_refund,No sé cómo get refund mi tarjeta
get_refund,Necesito get refund la transacción
get_refund,¿Me pueden ayudar a get refund el pago?
get_refund,Ayuda para get refund el pago
get_refund,Quisiera get refund la transacción
get_refund,Quisiera get refund el pago
get_refund,Necesito get refund el pago
get_refund,Quisiera get refund el pago
get_refund,Ayuda para get refund la transacción
get_refund,Necesito get refund la transacción
get_refund,¿Me pueden ayudar a get refund la transacción?
get_refund,Ayuda para get refund mi tarjeta
get_refund,¿Me pueden ayudar a get refund mi tarjeta?
get_refund,Quisiera get refund la transacción
get_refund,No sé cómo get refund la transacción
get_refund,No sé cómo get refund el pago
get_refund,Necesito get refund el pago
get_refund,Necesito get refund el pago
get_refund,No sé cómo get refund el pago
get_refund,¿Cómo puedo get refund la transacción?
get_refund,Necesito get refund mi tarjeta
get_refund,No sé cómo get refund la transacción
get_refund,¿Me pueden ayudar a get refund la transacción?
get_refund,¿Me pueden ayudar a get refund el pago?
get_refund,Necesito get refund la transacción
get_refund,Ayuda para get refund la transacción
get_refund,¿Cómo puedo get refund el pago?
get_refund,¿Cómo puedo get refund el pago?
get_refund,Ayuda para get refund el pago
get_refund,Ayuda para get refund la transacción
get_refund,No sé cómo get refund el pago
get_refund,Necesito get refund la transacción
get_refund,¿Me pueden ayudar a get refund la transacción?
get_refund,¿Me pueden ayudar a get refund el pago?
get_refund,Quisiera get refund el pago
get_refund,¿Me pueden ayudar a get refund el pago?
get_refund,¿Me pueden ayudar a get refund el pago?
get_refund,¿Cómo puedo get refund mi tarjeta?
get_refund,Necesito get refund la transacción
get_refund,No sé cómo get refund la transacción
get_refund,Necesito get refund el pago
get_refund,Necesito get refund el pago
get_refund,¿Me pueden ayudar a get refund mi tarjeta?
get_refund,¿Me pueden ayudar a get refund el pago?
get_refund,Quisiera get refund mi tarjeta
get_refund,Ayuda para get refund mi tarjeta
get_refund,No sé cómo get refund el pago
newsletter_subscription,Necesito newsletter subscription mi suscripción mensual
newsletter_subscription,No sé cómo newsletter subscription mi suscripción mensual
newsletter_subscription,Quisiera newsletter subscription mi plan
newsletter_subscription,Ayuda para newsletter subscription mi suscripción mensual
newsletter_subscription,Necesito newsletter subscription la suscripción
newsletter_subscription,Ayuda para newsletter subscription mi suscripción mensual
newsletter_subscription,¿Cómo puedo newsletter subscription mi plan?
newsletter_subscription,¿Cómo puedo newsletter subscription mi plan?
newsletter_subscription,Quisiera newsletter subscription mi suscripción mensual
newsletter_subscription,¿Me pueden ayudar a newsletter subscription mi suscripción mensual?
newsletter_subscription,Quisiera newsletter subscription la suscripción
newsletter_subscription,¿Me pueden ayudar a newsletter subscription mi suscripción mensual?
newsletter_subscription,Quisiera newsletter subscription la suscripción
newsletter_subscription,Quisiera newsletter subscription la suscripción
newsletter_subscription,Quisiera newsletter subscription mi plan
newsletter_subscription,Necesito newsletter subscription mi plan
newsletter_subscription,¿Cómo puedo newsletter subscription la suscripción?
newsletter_subscription,Quisiera newsletter subscription mi suscripción mensual
newsletter_subscription,¿Me pueden ayudar a newsletter subscription mi suscripción mensual?
newsletter_subscription,¿Me pueden ayudar a newsletter subscription mi plan?
newsletter_subscription,¿Cómo puedo newsletter subscription mi plan?
newsletter_subscription,¿Cómo puedo newsletter subscription mi plan?
newsletter_subscription,¿Me pueden ayudar a newsletter subscription mi plan?
newsletter_subscription,Necesito newsletter subscription la suscripción
newsletter_subscription,No sé cómo newsletter subscription mi plan
newsletter_subscription,Quisiera newsletter subscription mi suscripción mensual
newsletter_subscription,¿Me pueden ayudar a newsletter subscription la suscripción?
newsletter_subscription,¿Cómo puedo newsletter subscription la suscripción?
newsletter_subscription,No sé cómo newsletter subscription la suscripción
newsletter_subscription,Ayuda para newsletter subscription la suscripción
newsletter_subscription,Ayuda para newsletter subscription mi plan
newsletter_subscription,Necesito newsletter subscription mi plan
newsletter_subscription,Quisiera newsletter subscription mi suscripción mensual
newsletter_subscription,Ayuda para newsletter subscription la suscripción
newsletter_subscription,Necesito newsletter subscription la suscripción
newsletter_subscription,Necesito newsletter subscription mi suscripción mensual
newsletter_subscription,Necesito newsletter subscription mi suscripción mensual
newsletter_subscription,No sé cómo newsletter subscription la suscripción
newsletter_subscription,Ayuda para newsletter subscription mi plan
newsletter_subscription,No sé cómo newsletter subscription mi plan
newsletter_subscription,¿Cómo puedo newsletter subscription mi suscripción mensual?
newsletter_subscription,No sé cómo newsletter subscription la suscripción
newsletter_subscription,¿Cómo puedo newsletter subscription la suscripción?
newsletter_subscription,Ayuda para newsletter subscription la suscripción
newsletter_subscription,¿Cómo puedo newsletter subscription mi suscripción mensual?
newsletter_subscription,Necesito newsletter subscription mi suscripción mensual
newsletter_subscription,¿Me pueden ayudar a newsletter subscription la suscripción?
newsletter_subscription,Necesito newsletter subscription la suscripción
newsletter_subscription,¿Me pueden ayudar a newsletter subscription mi plan?
newsletter_subscription,¿Me pueden ayudar a newsletter subscription mi suscripción mensual?
newsletter_subscription,Necesito newsletter subscription la suscripción
newsletter_subscription,¿Cómo puedo newsletter subscription mi suscripción mensual?
newsletter_subscription,¿Cómo puedo newsletter subscription mi plan?
newsletter_subscription,Ayuda para newsletter subscription la suscripción
newsletter_subscription,¿Cómo puedo newsletter subscription mi suscripción mensual?
newsletter_subscription,Necesito newsletter subscription la suscripción
newsletter_subscription,Quisiera newsletter subscription la suscripción
newsletter_subscription,No sé cómo newsletter subscription mi plan
newsletter_subscription,¿Me pueden ayudar a newsletter subscription mi plan?
newsletter_subscription,Ayuda para newsletter subscription mi suscripción mensual
newsletter_subscription,Quisiera newsletter subscription mi suscripción mensual
newsletter_subscription,Quisiera newsletter subscription mi suscripción mensual
newsletter_subscription,¿Cómo puedo newsletter subscription mi suscripción mensual?
newsletter_subscription,Ayuda para newsletter subscription la suscripción
newsletter_subscription,No sé cómo newsletter subscription mi suscripción mensual
newsletter_subscription,Quisiera newsletter subscription mi plan
newsletter_subscription,¿Me pueden ayudar a newsletter subscription la suscripción?
newsletter_subscription,¿Cómo puedo newsletter subscription mi plan?
newsletter_subscription,Necesito newsletter subscription mi plan
newsletter_subscription,Ayuda para newsletter subscription mi suscripción mensual
newsletter_subscription,¿Me pueden ayudar a newsletter subscription mi plan?
newsletter_subscription,Necesito newsletter subscription mi plan
newsletter_subscription,Necesito newsletter subscription la suscripción
newsletter_subscription,Quisiera newsletter subscription la suscripción
newsletter_subscription,¿Cómo puedo newsletter subscription mi suscripción mensual?
newsletter_subscription,Quisiera newsletter subscription la suscripción
newsletter_subscription,Quisiera newsletter subscription la suscripción
newsletter_subscription,Ayuda para newsletter subscription mi plan
newsletter_subscription,Necesito newsletter subscription mi plan
newsletter_subscription,Quisiera newsletter subscription mi suscripción mensual
payment_issue,Necesito payment issue el pago
payment_issue,Ayuda para payment issue mi tarjeta
payment_issue,Ayuda para payment issue mi tarjeta
payment_issue,Quisiera payment issue el pago
payment_issue,¿Cómo puedo payment issue la transacción?
payment_issue,Necesito payment issue la transacción
payment_issue,¿Me pueden ayudar a payment issue la transacción?
payment_issue,Quisiera payment issue el pago
payment_issue,Necesito payment issue el pago
payment_issue,Quisiera payment issue la transacción
payment_issue,¿Cómo puedo payment issue mi tarjeta?
payment_issue,Ayuda para payment issue la transacción
payment_issue,Quisiera payment issue la transacción
payment_issue,Necesito payment issue mi tarjeta
payment_issue,¿Cómo puedo payment issue el pago?
payment_issue,Ayuda para payment issue mi tarjeta
payment_issue,No sé cómo payment issue la transacción
payment_issue,No sé cómo payment issue el pago
payment_issue,Quisiera payment issue mi tarjeta
payment_issue,Quisiera payment issue el pago
payment_issue,Quisiera payment issue el pago
payment_issue,Quisiera payment issue el pago
payment_issue,¿Cómo puedo payment issue el pago?
payment_issue,Ayuda para payment issue mi tarjeta
payment_issue,¿Me pueden ayudar a payment issue la transacción?
payment_issue,¿Me pueden ayudar a payment issue el pago?
payment_issue,No sé cómo payment issue la transacción
payment_issue,Necesito payment issue el pago
payment_issue,Quisiera payment issue el pago
payment_issue,¿Cómo puedo payment issue la transacción?
payment_issue,Ayuda para payment issue el pago
payment_issue,Quisiera payment issue mi tarjeta
payment_issue,Quisiera payment issue el pago
payment_issue,Ayuda para payment issue el pago
payment_issue,¿Cómo puedo payment issue la transacción?
payment_issue,Ayuda para payment issue la transacción
payment_issue,Ayuda para payment issue mi tarjeta
payment_issue,Quisiera payment issue mi tarjeta
payment_issue,¿Me pueden ayudar a payment issue mi tarjeta?
payment_issue,¿Cómo puedo payment issue mi tarjeta?
payment_issue,¿Cómo puedo payment issue el pago?
payment_issue,Necesito payment issue mi tarjeta
payment_issue,Ayuda para payment issue el pago
payment_issue,Quisiera payment issue la transacción
payment_issue,No sé cómo payment issue la transacción
payment_issue,¿Cómo puedo payment issue la transacción?
payment_issue,Necesito payment issue mi tarjeta
payment_issue,Ayuda para payment issue la transacción
payment_issue,Ayuda para payment issue el pago
payment_issue,Quisiera payment issue mi tarjeta
payment_issue,Ayuda para payment issue el pago
payment_issue,Ayuda para payment issue el pago
payment_issue,¿Me pueden ayudar a payment issue la transacción?
payment_issue,¿Cómo puedo payment issue la transacción?
payment_issue,No sé cómo payment issue el pago
payment_issue,Ayuda para payment issue la transacción
payment_issue,Necesito payment issue mi tarjeta
payment_issue,No sé cómo payment issue mi tarjeta
payment_issue,Necesito payment issue la transacción
payment_issue,No sé cómo payment issue mi tarjeta
payment_issue,Ayuda para payment issue mi tarjeta
payment_issue,¿Cómo puedo payment issue el pago?
payment_issue,Necesito payment issue la transacción
payment_issue,¿Cómo puedo payment issue el pago?
payment_issue,Necesito payment issue el pago
payment_issue,Ayuda para payment issue la transacción
payment_issue,Necesito payment issue la transacción
payment_issue,¿Cómo puedo payment issue el pago?
payment_issue,Quisiera payment issue el pago
payment_issue,¿Me pueden ayudar a payment issue el pago?
payment_issue,Necesito payment issue la transacción
payment_issue,¿Me pueden ayudar a payment issue el pago?
payment_issue,¿Cómo puedo payment issue la transacción?
payment_issue,Ayuda para payment issue mi tarjeta
payment_issue,¿Cómo puedo payment issue el pago?
payment_issue,¿Cómo puedo payment issue la transacción?
payment_issue,Necesito payment issue la transacción
payment_issue,¿Me pueden ayudar a payment issue mi tarjeta?
payment_issue,No sé cómo payment issue el pago
payment_issue,¿Me pueden ayudar a payment issue la transacción?
place_order,Necesito place order un pedido
place_order,No sé cómo place order mi pedido
place_order,No sé cómo place order mi pedido
place_order,Ayuda para place order un pedido
place_order,Necesito place order mi pedido
place_order,Ayuda para place order mi pedido
place_order,Quisiera place order mi pedido
place_order,¿Cómo puedo place order un pedido?
place_order,¿Cómo puedo place order mi pedido?
place_order,No sé cómo place order el pedido {{Order Number}}
place_order,Quisiera place order el pedido {{Order Number}}
place_order,No sé cómo place order mi pedido
place_order,¿Cómo puedo place order el pedido {{Order Number}}?
place_order,¿Me pueden ayudar a place order mi pedido?
place_order,Necesito place order mi pedido
place_order,Quisiera place order mi pedido
place_order,No sé cómo place order un pedido
place_order,¿Cómo puedo place order mi pedido?
place_order,No sé cómo place order el pedido {{Order Number}}
place_order,Quisiera place order el pedido {{Order Number}}
place_order,¿Me pueden ayudar a place order un pedido?
place_order,Ayuda para place order un pedido
place_order,Quisiera place order el pedido {{Order Number}}
place_order,Necesito place order el pedido {{Order Number}}
place_order,¿Cómo puedo place order mi pedido?
place_order,¿Me pueden ayudar a place order el pedido {{Order Number}}?
place_order,¿Me pueden ayudar a place order el pedido {{Order Number}}?
place_order,¿Me pueden ayudar a place order el pedido {{Order Number}}?
place_order,¿Cómo puedo place order un pedido?
place_order,No sé cómo place order un pedido
place_order,No sé cómo place order el pedido {{Order Number}}
place_order,¿Cómo puedo place order un pedido?
place_order,No sé cómo place order mi pedido
place_order,Ayuda para place order el pedido {{Order Number}}
place_order,¿Me pueden ayudar a place order un pedido?
place_order,Necesito place order mi pedido
place_order,¿Cómo puedo place order un pedido?
place_order,Quisiera place order un pedido
place_order,No sé cómo place order el pedido {{Order Number}}
place_order,No sé cómo place order mi pedido
place_order,¿Cómo puedo place order un pedido?
place_order,Necesito place order un pedido
place_order,¿Cómo puedo place order un pedido?
place_order,No sé cómo place order mi pedido
place_order,Ayuda para place order mi pedido
place_order,Necesito place order un pedido
place_order,Quisiera place order mi pedido
place_order,Necesito place order el pedido {{Order Number}}
place_order,¿Cómo puedo place order un pedido?
place_order,Quisiera place order un pedido
place_order,¿Me pueden ayudar a place order un pedido?
place_order,¿Me pueden ayudar a place order el pedido {{Order Number}}?
place_order,Ayuda para place order mi pedido
place_order,Necesito place order mi pedido
place_order,¿Cómo puedo place order un pedido?
place_order,Quisiera place order el pedido {{Order Number}}
place_order,Necesito place order mi pedido
place_order,¿Me pueden ayudar a place order mi pedido?
place_order,Quisiera place order el pedido {{Order Number}}
place_order,Ayuda para place order un pedido
place_order,Ayuda para place order mi pedido
place_order,Ayuda para place order el pedido {{Order Number}}
place_order,Ayuda para place order el pedido {{Order Number}}
place_order,No sé cómo place order el pedido {{Order Number}}
place_order,Quisiera place order el pedido {{Order Number}}
place_order,No sé cómo place order un pedido
place_order,¿Me pueden ayudar a place order mi pedido?
place_order,¿Cómo puedo place order el pedido {{Order Number}}?
place_order,Quisiera place order mi pedido
place_order,Necesito place order mi pedido
place_order,Necesito place order el pedido {{Order Number}}
place_order,Quisiera place order mi pedido
place_order,Necesito place order mi pedido
place_order,Ayuda para place order mi pedido
place_order,¿Me pueden ayudar a place order mi pedido?
place_order,No sé cómo place order mi pedido
place_order,Necesito place order un pedido
place_order,No sé cómo place order el pedido {{Order Number}}
place_order,¿Me pueden ayudar a place order mi pedido?
place_order,Ayuda para place order un pedido
recover_password,¿Cómo puedo recover password esta gestión?
recover_password,Ayuda para recover password el asunto
recover_password,Quisiera recover password el asunto
recover_password,Necesito recover password el asunto
recover_password,¿Cómo puedo recover password mi solicitud?
recover_password,¿Me pueden ayudar a recover password esta gestión?
recover_password,¿Me pueden ayudar a recover password esta gestión?
recover_password,No sé cómo recover password mi solicitud
recover_password,¿Me pueden ayudar a recover password mi solicitud?
recover_password,Necesito recover password el asunto
recover_password,Quisiera recover password el asunto
recover_password,Ayuda para recover password esta gestión
recover_password,No sé cómo recover password mi solicitud
recover_password,¿Cómo puedo recover password el asunto?
recover_password,Necesito recover password el asunto
recover_password,Ayuda para recover password el asunto
recover_password,Necesito recover password esta gestión
recover_password,¿Me pueden ayudar a recover password esta gestión?
recover_password,Ayuda para recover password el asunto
recover_password,Quisiera recover password el asunto
recover_password,¿Cómo puedo recover password el asunto?
recover_password,¿Me pueden ayudar a recover password mi solicitud?
recover_password,Quisiera recover password mi solicitud
recover_password,Quisiera recover password mi solicitud
recover_password,Ayuda para recover password mi solicitud
recover_password,Ayuda para recover password esta gestión
recover_password,Necesito recover password el asunto
recover_password,¿Me pueden ayudar a recover password esta gestión?
recover_password,Ayuda para recover password el asunto
recover_password,Necesito recover password mi solicitud
recover_password,Necesito recover password el asunto
recover_password,Ayuda para recover password el asunto
recover_password,Necesito recover password mi solicitud
recover_password,Ayuda para recover password mi solicitud
recover_password,¿Cómo puedo recover password mi solicitud?
recover_password,No sé cómo recover password el asunto
recover_password,¿Cómo puedo recover password esta gestión?
recover_password,¿Me pueden ayudar a recover password el asunto?
recover_password,Quisiera recover password esta gestión
recover_password,Necesito recover password esta gestión
recover_password,Ayuda para recover password esta gestión
recover_password,¿Cómo puedo recover password esta gestión?
recover_password,Quisiera recover password mi solicitud
recover_password,No sé cómo recover password mi solicitud
recover_password,No sé cómo recover password esta gestión
recover_password,Ayuda para recover password esta gestión
recover_password,¿Cómo puedo recover password mi solicitud?
recover_password,Necesito recover password el asunto
recover_password,Ayuda para recover password esta gestión
recover_password,Quisiera recover password esta gestión
recover_password,No sé cómo recover password esta gestión
recover_password,No sé cómo recover password esta gestión
recover_password,No sé cómo recover password el asunto
recover_password,Quisiera recover password mi solicitud
recover_password,¿Cómo puedo recover password el asunto?
recover_password,¿Cómo puedo recover password el asunto?
recover_password,¿Cómo puedo recover password el asunto?
recover_password,Ayuda para recover password el asunto
recover_password,¿Me pueden ayudar a recover password mi solicitud?
recover_password,¿Cómo puedo recover password esta gestión?
recover_password,¿Cómo puedo recover password esta gestión?
recover_password,Necesito recover password mi solicitud
recover_password,¿Me pueden ayudar a recover password el asunto?
recover_password,Quisiera recover password mi solicitud
recover_password,No sé cómo recover password mi solicitud
recover_password,No sé cómo recover password mi solicitud
recover_password,Necesito recover password esta gestión
recover_password,Ayuda para recover password el asunto
recover_password,¿Me pueden ayudar a recover password esta gestión?
recover_password,No sé cómo recover password esta gestión
recover_password,Ayuda para recover password el asunto
recover_password,Ayuda para recover password el asunto
recover_password,¿Cómo puedo recover password esta gestión?
recover_password,No sé cómo recover password esta gestión
recover_password,Quisiera recover password el asunto
recover_password,No sé cómo recover password el asunto
recover_password,Necesito recover password esta gestión
recover_password,Necesito recover password mi solicitud
recover_password,Necesito recover password mi solicitud
recover_password,¿Me pueden ayudar a recover password mi solicitud?
registration_problems,No sé cómo registration problems esta gestión
registration_problems,Ayuda para registration problems el asunto
registration_problems,¿Cómo puedo registration problems mi solicitud?
registration_problems,Ayuda para registration problems el asunto
registration_problems,No sé cómo registration problems esta gestión
registration_problems,¿Me pueden ayudar a registration problems esta gestión?
registration_problems,Ayuda para registration problems el asunto
registration_problems,Ayuda para registration problems mi solicitud
registration_problems,¿Me pueden ayudar a registration problems el asunto?
registration_problems,Quisiera registration problems esta gestión
registration_problems,Ayuda para registration problems mi solicitud
registration_problems,Necesito registration problems el asunto
registration_problems,Necesito registration problems mi solicitud
registration_problems,Necesito registration problems mi solicitud
registration_problems,Ayuda para registration problems esta gestión
registration_problems,¿Me pueden ayudar a registration problems el asunto?
registration_problems,¿Cómo puedo registration problems el asunto?
registration_problems,Necesito registration problems esta gestión
registration_problems,Ayuda para registration problems mi solicitud
registration_problems,Necesito registration problems esta gestión
registration_problems,Ayuda para registration problems esta gestión
registration_problems,¿Me pueden ayudar a registration problems el asunto?
registration_problems,¿Cómo puedo registration problems mi solicitud?
registration_problems,¿Cómo puedo registration problems mi solicitud?
registration_problems,¿Me pueden ayudar a registration problems mi solicitud?
registration_problems,No sé cómo registration problems mi solicitud
registration_problems,Quisiera registration problems esta gestión
registration_problems,¿Cómo puedo registration problems el asunto?
registration_problems,Necesito registration problems esta gestión
registration_problems,No sé cómo registration problems mi solicitud
registration_problems,¿Cómo puedo registration problems esta gestión?
registration_problems,No sé cómo registration problems el asunto
registration_problems,¿Cómo puedo registration problems el asunto?
registration_problems,¿Cómo puedo registration problems el asunto?
registration_problems,¿Cómo puedo registration problems el asunto?
registration_problems,Ayuda para registration problems el asunto
registration_problems,Necesito registration problems esta gestión
registration_problems,¿Cómo puedo registration problems mi solicitud?
registration_problems,Necesito registration problems mi solicitud
registration_problems,No sé cómo registration problems mi solicitud
registration_problems,¿Me pueden ayudar a registration problems el asunto?
registration_problems,¿Me pueden ayudar a registration problems el asunto?
registration_problems,¿Cómo puedo registration problems mi solicitud?
registration_problems,Ayuda para registration problems esta gestión
registration_problems,Ayuda para registration problems el asunto
registration_problems,Ayuda para registration problems esta gestión
registration_problems,No sé cómo registration problems mi solicitud
registration_problems,Necesito registration problems el asunto
registration_problems,Necesito registration problems esta gestión
registration_problems,¿Me pueden ayudar a registration problems el asunto?
registration_problems,Necesito registration problems el asunto
registration_problems,Ayuda para registration problems el asunto
registration_problems,¿Cómo puedo registration problems esta gestión?
registration_problems,¿Cómo puedo registration problems el asunto?
registration_problems,¿Me pueden ayudar a registration problems el asunto?
registration_problems,¿Me pueden ayudar a registration problems el asunto?
registration_problems,Necesito registration problems esta gestión
registration_problems,Ayuda para registration problems esta gestión
registration_problems,Quisiera registration problems esta gestión
registration_problems,Quisiera registration problems mi solicitud
registration_problems,¿Cómo puedo registration problems esta gestión?
registration_problems,¿Cómo puedo registration problems esta gestión?
registration_problems,Quisiera registration problems el asunto
registration_problems,Necesito registration problems esta gestión
registration_problems,Necesito registration problems esta gestión
registration_problems,¿Me pueden ayudar a registration problems esta gestión?
registration_problems,Necesito registration problems mi solicitud
registration_problems,Ayuda para registration problems mi solicitud
registration_problems,Ayuda para registration problems mi solicitud
registration_problems,¿Cómo puedo registration problems mi solicitud?
registration_problems,Necesito registration problems esta gestión
registration_problems,No sé cómo registration problems esta gestión
registration_problems,Ayuda para registration problems esta gestión
registration_problems,Quisiera registration problems el asunto
registration_problems,No sé cómo registration problems esta gestión
registration_problems,Necesito registration problems esta gestión
registration_problems,¿Me pueden ayudar a registration problems esta gestión?
registration_problems,No sé cómo registration problems mi solicitud
registration_problems,Necesito registration problems esta gestión
registration_problems,Quisiera registration problems mi solicitud
review,Quisiera review mi solicitud
review,Necesito review esta gestión
review,Necesito review mi solicitud
review,Necesito review esta gestión
review,¿Me pueden ayudar a review esta gestión?
review,Necesito review el asunto
review,¿Cómo puedo review esta gestión?
review,¿Cómo puedo review el asunto?
review,No sé cómo review mi solicitud
review,¿Me pueden ayudar a review mi solicitud?
review,¿Me pueden ayudar a review el asunto?
review,¿Me pueden ayudar a review el asunto?
review,¿Me pueden ayudar a review mi solicitud?
review,Necesito review mi solicitud
review,Ayuda para review mi solicitud
review,Ayuda para review esta gestión
review,Quisiera review esta gestión
review,¿Me pueden ayudar a review esta gestión?
review,¿Cómo puedo review mi solicitud?
review,¿Me pueden ayudar a review esta gestión?
review,¿Cómo puedo review esta gestión?
review,No sé cómo review esta gestión
review,Ayuda para review esta gestión
review,Necesito review esta gestión
review,Necesito review el asunto
review,¿Me pueden ayudar a review esta gestión?
review,¿Cómo puedo review mi solicitud?
review,Quisiera review mi solicitud
review,¿Cómo puedo review esta gestión?
review,Necesito review esta gestión
review,No sé cómo review el asunto
review,¿Me pueden ayudar a review mi solicitud?
review,¿Me pueden ayudar a review el asunto?
review,¿Cómo puedo review mi solicitud?
review,¿Cómo puedo review esta gestión?
review,Necesito review mi solicitud
review,Necesito review mi solicitud
review,Necesito review esta gestión
review,Necesito review mi solicitud
review,Quisiera review mi solicitud
review,Quisiera review esta gestión
review,No sé cómo review esta gestión
review,No sé cómo review el asunto
review,Ayuda para review el asunto
review,No sé cómo review el asunto
review,¿Me pueden ayudar a review mi solicitud?
review,No sé cómo review mi solicitud
review,Ayuda para review el asunto
review,¿Cómo puedo review el asunto?
review,¿Cómo puedo review mi solicitud?
review,Ayuda para review esta gestión
review,Ayuda para review el asunto
review,Necesito review esta gestión
review,¿Cómo puedo review el asunto?
review,Ayuda para review mi solicitud
review,¿Me pueden ayudar a review el asunto?
review,Necesito review esta gestión
review,Quisiera review el asunto
review,Ayuda para review mi solicitud
review,¿Cómo puedo review el asunto?
review,No sé cómo review el asunto
review,Ayuda para review el asunto
review,¿Cómo puedo review esta gestión?
review,Ayuda para review esta gestión
review,Ayuda para review mi solicitud
review,Ayuda para review mi solicitud
review,Ayuda para review el asunto
review,Quisiera review esta gestión
review,¿Cómo puedo review esta gestión?
review,Necesito review el asunto
review,Necesito review esta gestión
review,¿Cómo puedo review el asunto?
review,¿Me pueden ayudar a review el asunto?
review,¿Me pueden ayudar a review esta gestión?
review,¿Cómo puedo review el asunto?
review,¿Me pueden ayudar a review mi solicitud?
review,Necesito review el asunto
review,Quisiera review mi solicitud
review,No sé cómo review esta gestión
review,Necesito review el asunto
set_up_shipping_address,Quisiera set up shipping address la dirección
set_up_shipping_address,Necesito set up shipping address el envío
set_up_shipping_address,Ayuda para set up shipping address la entrega
set_up_shipping_address,No sé cómo set up shipping address la entrega
set_up_shipping_address,No sé cómo set up shipping address el envío
set_up_shipping_address,Ayuda para set up shipping address la entrega
set_up_shipping_address,¿Cómo puedo set up shipping address el envío?
set_up_shipping_address,Ayuda para set up shipping address el envío
set_up_shipping_address,¿Cómo puedo set up shipping address la dirección?
set_up_shipping_address,Ayuda para set up shipping address la dirección
set_up_shipping_address,¿Cómo puedo set up shipping address la dirección?
set_up_shipping_address,¿Me pueden ayudar a set up shipping address la dirección?
set_up_shipping_address,¿Cómo puedo set up shipping address la entrega?
set_up_shipping_address,Quisiera set up shipping address la entrega
set_up_shipping_address,No sé cómo set up shipping address la dirección
set_up_shipping_address,Quisiera set up shipping address el envío
set_up_shipping_address,¿Me pueden ayudar a set up shipping address la entrega?
set_up_shipping_address,Quisiera set up shipping address el envío
set_up_shipping_address,¿Me pueden ayudar a set up shipping address el envío?
set_up_shipping_address,No sé cómo set up shipping address la entrega
set_up_shipping_address,Quisiera set up shipping address la entrega
set_up_shipping_address,Quisiera set up shipping address la entrega
set_up_shipping_address,Quisiera set up shipping address la entrega
set_up_shipping_address,Quisiera set up shipping address la dirección
set_up_shipping_address,¿Me pueden ayudar a set up shipping address la dirección?
set_up_shipping_address,Ayuda para set up shipping address el envío
set_up_shipping_address,Ayuda para set up shipping address la dirección
set_up_shipping_address,No sé cómo set up shipping address el envío
set_up_shipping_address,Ayuda para set up shipping address la entrega
set_up_shipping_address,¿Cómo puedo set up shipping address la dirección?
set_up_shipping_address,¿Me pueden ayudar a set up shipping address la entrega?
set_up_shipping_address,¿Me pueden ayudar a set up shipping address la dirección?
set_up_shipping_address,Necesito set up shipping address el envío
set_up_shipping_address,¿Me pueden ayudar a set up shipping address la dirección?
set_up_shipping_address,¿Me pueden ayudar a set up shipping address la entrega?
set_up_shipping_address,Necesito set up shipping address la entrega
set_up_shipping_address,No sé cómo set up shipping address la entrega
set_up_shipping_address,¿Cómo puedo set up shipping address el envío?
set_up_shipping_address,Quisiera set up shipping address la entrega
set_up_shipping_address,¿Me pueden ayudar a set up shipping address la entrega?
set_up_shipping_address,Quisiera set up shipping address el envío
set_up_shipping_address,Quisiera set up shipping address la dirección
set_up_shipping_address,Ayuda para set up shipping address la dirección
set_up_shipping_address,No sé cómo set up shipping address la dirección
set_up_shipping_address,Necesito set up shipping address la entrega
set_up_shipping_address,¿Cómo puedo set up shipping address el envío?
set_up_shipping_address,¿Me pueden ayudar a set up shipping address el envío?
set_up_shipping_address,Necesito set up shipping address la dirección
set_up_shipping_address,Quisiera set up shipping address la entrega
set_up_shipping_address,Ayuda para set up shipping address la dirección
set_up_shipping_address,¿Me pueden ayudar a set up shipping address el envío?
set_up_shipping_address,Necesito set up shipping address la dirección
set_up_shipping_address,Quisiera set up shipping address la dirección
set_up_shipping_address,¿Me pueden ayudar a set up shipping address la dirección?
set_up_shipping_address,Quisiera set up shipping address la entrega
set_up_shipping_address,¿Me pueden ayudar a set up shipping address el envío?
set_up_shipping_address,¿Cómo puedo set up shipping address la dirección?
set_up_shipping_address,No sé cómo set up shipping address la dirección
set_up_shipping_address,¿Me pueden ayudar a set up shipping address la entrega?
set_up_shipping_address,Quisiera set up shipping address el envío
set_up_shipping_address,¿Me pueden ayudar a set up shipping address la dirección?
set_up_shipping_address,Ayuda para set up shipping address el envío
set_up_shipping_address,Necesito set up shipping address el envío
set_up_shipping_address,Quisiera set up shipping address la dirección
set_up_shipping_address,¿Cómo puedo set up shipping address la dirección?
set_up_shipping_address,Necesito set up shipping address el envío
set_up_shipping_address,¿Me pueden ayudar a set up shipping address el envío?
set_up_shipping_address,Ayuda para set up shipping address la entrega
set_up_shipping_address,Quisiera set up shipping address la dirección
set_up_shipping_address,Quisiera set up shipping address la dirección
set_up_shipping_address,¿Cómo puedo set up shipping address la entrega?
set_up_shipping_address,¿Me pueden ayudar a set up shipping address la dirección?
set_up_shipping_address,Necesito set up shipping address el envío
set_up_shipping_address,Ayuda para set up shipping address la entrega
set_up_shipping_address,Necesito set up shipping address la entrega
set_up_shipping_address,Quisiera set up shipping address el envío
set_up_shipping_address,Necesito set up shipping address la dirección
set_up_shipping_address,Quisiera set up shipping address el envío
set_up_shipping_address,Ayuda para set up shipping address el envío
set_up_shipping_address,Necesito set up shipping address el envío
switch_account,¿Me pueden ayudar a switch account la cuenta?
switch_account,Ayuda para switch account mi cuenta
switch_account,Quisiera switch account mi cuenta
switch_account,¿Me pueden ayudar a switch account mi cuenta?
switch_account,¿Cómo puedo switch account mi cuenta?
switch_account,Ayuda para switch account la cuenta
switch_account,No sé cómo switch account la cuenta
switch_account,¿Cómo puedo switch account la cuenta?
switch_account,Necesito switch account mi cuenta
switch_account,¿Me pueden ayudar a switch account mi cuenta?
switch_account,Ayuda para switch account la cuenta
switch_account,Quisiera switch account la cuenta
switch_account,Ayuda para switch account mi cuenta
switch_account,Quisiera switch account la cuenta
switch_account,¿Me pueden ayudar a switch account la cuenta?
switch_account,Quisiera switch account mi cuenta
switch_account,¿Me pueden ayudar a switch account la cuenta?
switch_account,No sé cómo switch account mi cuenta
switch_account,Ayuda para switch account mi cuenta
switch_account,Ayuda para switch account la cuenta
switch_account,¿Me pueden ayudar a switch account la cuenta?
switch_account,¿Cómo puedo switch account mi cuenta?
switch_account,Quisiera switch account mi cuenta
switch_account,No sé cómo switch account la cuenta
switch_account,Ayuda para switch account mi cuenta
switch_account,Quisiera switch account la cuenta
switch_account,Necesito switch account mi cuenta
switch_account,Necesito switch account la cuenta
switch_account,Quisiera switch account mi cuenta
switch_account,No sé cómo switch account la cuenta
switch_account,Ayuda para switch account mi cuenta
switch_account,Quisiera switch account la cuenta
switch_account,Ayuda para switch account la cuenta
switch_account,Quisiera switch account la cuenta
switch_account,Ayuda para switch account la cuenta
switch_account,Quisiera switch account la cuenta
switch_account,¿Me pueden ayudar a switch account mi cuenta?
switch_account,Quisiera switch account la cuenta
switch_account,Ayuda para switch account mi cuenta
switch_account,No sé cómo switch account mi cuenta
switch_account,Quisiera switch account la cuenta
switch_account,No sé cómo switch account mi cuenta
switch_account,¿Me pueden ayudar a switch account la cuenta?
switch_account,Necesito switch account la cuenta
switch_account,Quisiera switch account mi cuenta
switch_account,Ayuda para switch account la cuenta
switch_account,No sé cómo switch account la cuenta
switch_account,¿Me pueden ayudar a switch account la cuenta?
switch_account,¿Me pueden ayudar a switch account la cuenta?
switch_account,Quisiera switch account mi cuenta
switch_account,¿Me pueden ayudar a switch account mi cuenta?
switch_account,Quisiera switch account la cuenta
switch_account,Necesito switch account la cuenta
switch_account,No sé cómo switch account la cuenta
switch_account,¿Me pueden ayudar a switch account mi cuenta?
switch_account,Quisiera switch account mi cuenta
switch_account,Ayuda para switch account mi cuenta
switch_account,¿Me pueden ayudar a switch account la cuenta?
switch_account,Quisiera switch account la cuenta
switch_account,No sé cómo switch account mi cuenta
switch_account,¿Cómo puedo switch account mi cuenta?
switch_account,Ayuda para switch account mi cuenta
switch_account,Ayuda para switch account mi cuenta
switch_account,¿Me pueden ayudar a switch account la cuenta?
switch_account,Quisiera switch account la cuenta
switch_account,Quisiera switch account mi cuenta
switch_account,Ayuda para switch account la cuenta
switch_account,¿Me pueden ayudar a switch account mi cuenta?
switch_account,Ayuda para switch account mi cuenta
switch_account,No sé cómo switch account mi cuenta
switch_account,No sé cómo switch account la cuenta
switch_account,No sé cómo switch account la cuenta
switch_account,No sé cómo switch account mi cuenta
switch_account,¿Me pueden ayudar a switch account mi cuenta?
switch_account,¿Me pueden ayudar a switch account mi cuenta?
switch_account,Quisiera switch account la cuenta
switch_account,¿Me pueden ayudar a switch account la cuenta?
switch_account,No sé cómo switch account la cuenta
switch_account,Ayuda para switch account mi cuenta
switch_account,Necesito switch account la cuenta
track_order,Necesito track order el pedido {{Order Number}}
track_order,Ayuda para track order mi pedido
track_order,¿Cómo puedo track order el pedido {{Order Number}}?
track_order,No sé cómo track order un pedido
track_order,¿Me pueden ayudar a track order un pedido?
track_order,Necesito track order un pedido
track_order,No sé cómo track order el pedido {{Order Number}}
track_order,¿Me pueden ayudar a track order un pedido?
track_order,No sé cómo track order un pedido
track_order,¿Cómo puedo track order mi pedido?
track_order,¿Cómo puedo track order un pedido?
track_order,¿Me pueden ayudar a track order el pedido {{Order Number}}?
track_order,¿Me pueden ayudar a track order el pedido {{Order Number}}?
track_order,¿Me pueden ayudar a track order mi pedido?
track_order,¿Me pueden ayudar a track order un pedido?
track_order,¿Cómo puedo track order un pedido?
track_order,No sé cómo track order un pedido
track_order,¿Me pueden ayudar a track order el pedido {{Order Number}}?
track_order,¿Me pueden ayudar a track order mi pedido?
track_order,Necesito track order un pedido
track_order,Ayuda para track order un pedido
track_order,No sé cómo track order un pedido
track_order,¿Me pueden ayudar a track order el pedido {{Order Number}}?
track_order,¿Me pueden ayudar a track order un pedido?
track_order,No sé cómo track order el pedido {{Order Number}}
track_order,Ayuda para track order mi pedido
track_order,No sé cómo track order mi pedido
track_order,Quisiera track order el pedido {{Order Number}}
track_order,¿Cómo puedo track order mi pedido?
track_order,¿Me pueden ayudar a track order mi pedido?
track_order,¿Cómo puedo track order el pedido {{Order Number}}?
track_order,¿Cómo puedo track order el pedido {{Order Number}}?
track_order,¿Me pueden ayudar a track order el pedido {{Order Number}}?
track_order,¿Cómo puedo track order mi pedido?
track_order,¿Me pueden ayudar a track order el pedido {{Order Number}}?
track_order,¿Cómo puedo track order un pedido?
track_order,Quisiera track order el pedido {{Order Number}}
track_order,Ayuda para track order mi pedido
track_order,No sé cómo track order un pedido
track_order,¿Me pueden ayudar a track order un pedido?
track_order,¿Cómo puedo track order un pedido?
track_order,¿Me pueden ayudar a track order un pedido?
track_order,Ayuda para track order mi pedido
track_order,No sé cómo track order un pedido
track_order,Necesito track order un pedido
track_order,¿Me pueden ayudar a track order mi pedido?
track_order,Ayuda para track order el pedido {{Order Number}}
track_order,Ayuda para track order un pedido
track_order,Necesito track order un pedido
track_order,Quisiera track order mi pedido
track_order,¿Me pueden ayudar a track order el pedido {{Order Number}}?
track_order,¿Cómo puedo track order un pedido?
track_order,Ayuda para track order mi pedido
track_order,¿Me pueden ayudar a track order un pedido?
track_order,¿Me pueden ayudar a track order un pedido?
track_order,Necesito track order un pedido
track_order,No sé cómo track order un pedido
track_order,No sé cómo track order mi pedido
track_order,¿Me pueden ayudar a track order mi pedido?
track_order,Necesito track order el pedido {{Order Number}}
track_order,¿Cómo puedo track order un pedido?
track_order,Quisiera track order mi pedido
track_order,¿Cómo puedo track order un pedido?
track_order,No sé cómo track order mi pedido
track_order,Ayuda para track order mi pedido
track_order,Ayuda para track order el pedido {{Order Number}}
track_order,No sé cómo track order el pedido {{Order Number}}
track_order,¿Cómo puedo track order mi pedido?
track_order,No sé cómo track order el pedido {{Order Number}}
track_order,Quisiera track order el pedido {{Order Number}}
track_order,Ayuda para track order un pedido
track_order,¿Cómo puedo track order mi pedido?
track_order,¿Cómo puedo track order el pedido {{Order Number}}?
track_order,No sé cómo track order mi pedido
track_order,¿Me pueden ayudar a track order un pedido?
track_order,¿Me pueden ayudar a track order el pedido {{Order Number}}?
track_order,Ayuda para track order un pedido
track_order,No sé cómo track order el pedido {{Order Number}}
track_order,Quisiera track order un pedido
track_order,Necesito track order un pedido
track_refund,¿Cómo puedo track refund el pago?
track_refund,No sé cómo track refund el pago
track_refund,No sé cómo track refund el pago
track_refund,Ayuda para track refund la transacción
track_refund,No sé cómo track refund mi tarjeta
track_refund,Quisiera track refund mi tarjeta
track_refund,¿Cómo puedo track refund el pago?
track_refund,¿Me pueden ayudar a track refund mi tarjeta?
track_refund,Necesito track refund mi tarjeta
track_refund,Necesito track refund el pago
track_refund,No sé cómo track refund la transacción
track_refund,Ayuda para track refund la transacción
track_refund,¿Me pueden ayudar a track refund el pago?
track_refund,Quisiera track refund la transacción
track_refund,Necesito track refund mi tarjeta
track_refund,¿Cómo puedo track refund la transacción?
track_refund,No sé cómo track refund la transacción
track_refund,¿Cómo puedo track refund el pago?
track_refund,¿Me pueden ayudar a track refund mi tarjeta?
track_refund,Ayuda para track refund el pago
track_refund,Ayuda para track refund mi tarjeta
track_refund,No sé cómo track refund la transacción
track_refund,Necesito track refund el pago
track_refund,No sé cómo track refund mi tarjeta
track_refund,No sé cómo track refund la transacción
track_refund,Ayuda para track refund mi tarjeta
track_refund,Quisiera track refund mi tarjeta
track_refund,¿Me pueden ayudar a track refund el pago?
track_refund,Necesito track refund la transacción
track_refund,Quisiera track refund el pago
track_refund,¿Cómo puedo track refund la transacción?
track_refund,No sé cómo track refund el pago
track_refund,¿Me pueden ayudar a track refund el pago?
track_refund,¿Cómo puedo track refund la transacción?
track_refund,¿Me pueden ayudar a track refund el pago?
track_refund,¿Me pueden ayudar a track refund mi tarjeta?
track_refund,Quisiera track refund el pago
track_refund,No sé cómo track refund la transacción
track_refund,¿Me pueden ayudar a track refund mi tarjeta?
track_refund,¿Me pueden ayudar a track refund el pago?
track_refund,¿Me pueden ayudar a track refund la transacción?
track_refund,¿Cómo puedo track refund el pago?
track_refund,Ayuda para track refund la transacción
track_refund,Necesito track refund el pago
track_refund,Quisiera track refund el pago
track_refund,Quisiera track refund el pago
track_refund,Necesito track refund la transacción
track_refund,Quisiera track refund la transacción
track_refund,¿Cómo puedo track refund mi tarjeta?
track_refund,Ayuda para track refund mi tarjeta
track_refund,Ayuda para track refund la transacción
track_refund,Ayuda para track refund mi tarjeta
track_refund,Necesito track refund el pago
track_refund,Ayuda para track refund la transacción
track_refund,Quisiera track refund la transacción
track_refund,Quisiera track refund la transacción
track_refund,¿Me pueden ayudar a track refund la transacción?
track_refund,Quisiera track refund la transacción
track_refund,No sé cómo track refund el pago
track_refund,¿Me pueden ayudar a track refund el pago?
track_refund,Necesito track refund la transacción
track_refund,Quisiera track refund mi tarjeta
track_refund,¿Me pueden ayudar a track refund mi tarjeta?
track_refund,No sé cómo track refund el pago
track_refund,Necesito track refund mi tarjeta
track_refund,Ayuda para track refund mi tarjeta
track_refund,¿Me pueden ayudar a track refund el pago?
track_refund,Ayuda para track refund el pago
track_refund,No sé cómo track refund el pago
track_refund,¿Cómo puedo track refund la transacción?
track_refund,Ayuda para track refund la transacción
track_refund,Necesito track refund la transacción
track_refund,¿Cómo puedo track refund mi tarjeta?
track_refund,¿Me pueden ayudar a track refund la transacción?
track_refund,¿Me pueden ayudar a track refund mi tarjeta?
track_refund,Quisiera track refund la transacción
track_refund,No sé cómo track refund el pago
track_refund,Quisiera track refund el pago
track_refund,Quisiera track refund la transacción
track_refund,No sé cómo track refund mi tarjeta
payment_dispute,No sé cómo payment dispute la transacción
payment_dispute,Quisiera payment dispute mi tarjeta
payment_dispute,¿Cómo puedo payment dispute la transacción?
payment_dispute,¿Me pueden ayudar a payment dispute la transacción?
payment_dispute,Necesito payment dispute el pago
payment_dispute,Ayuda para payment dispute la transacción
payment_dispute,No sé cómo payment dispute el pago
payment_dispute,¿Cómo puedo payment dispute el pago?
payment_dispute,¿Cómo puedo payment dispute la transacción?
payment_dispute,Necesito payment dispute el pago
payment_dispute,Quisiera payment dispute el pago
payment_dispute,¿Me pueden ayudar a payment dispute la transacción?
payment_dispute,Quisiera payment dispute la transacción
payment_dispute,Ayuda para payment dispute la transacción
payment_dispute,No sé cómo payment dispute el pago
payment_dispute,Necesito payment dispute la transacción
payment_dispute,Quisiera payment dispute mi tarjeta
payment_dispute,Quisiera payment dispute el pago
payment_dispute,¿Me pueden ayudar a payment dispute la transacción?
payment_dispute,Ayuda para payment dispute mi tarjeta
payment_dispute,Necesito payment dispute el pago
payment_dispute,¿Me pueden ayudar a payment dispute la transacción?
payment_dispute,¿Cómo puedo payment dispute el pago?
payment_dispute,Necesito payment dispute la transacción
payment_dispute,Quisiera payment dispute el pago
payment_dispute,Necesito payment dispute mi tarjeta
payment_dispute,Ayuda para payment dispute mi tarjeta
payment_dispute,No sé cómo payment dispute la transacción
payment_dispute,Necesito payment dispute la transacción
payment_dispute,No sé cómo payment dispute el pago
payment_dispute,No sé cómo payment dispute la transacción
payment_dispute,Necesito payment dispute mi tarjeta
payment_dispute,Ayuda para payment dispute el pago
payment_dispute,Quisiera payment dispute mi tarjeta
payment_dispute,¿Cómo puedo payment dispute el pago?
payment_dispute,¿Me pueden ayudar a payment dispute la transacción?
payment_dispute,¿Me pueden ayudar a payment dispute mi tarjeta?
payment_dispute,Necesito payment dispute mi tarjeta
payment_dispute,¿Cómo puedo payment dispute la transacción?
payment_dispute,¿Me pueden ayudar a payment dispute mi tarjeta?
payment_dispute,Ayuda para payment dispute mi tarjeta
payment_dispute,Ayuda para payment dispute mi tarjeta
payment_dispute,Necesito payment dispute mi tarjeta
payment_dispute,No sé cómo payment dispute el pago
payment_dispute,¿Cómo puedo payment dispute la transacción?
payment_dispute,No sé cómo payment dispute el pago
payment_dispute,Necesito payment dispute el pago
payment_dispute,No sé cómo payment dispute el pago
payment_dispute,Necesito payment dispute la transacción
payment_dispute,¿Me pueden ayudar a payment dispute el pago?
payment_dispute,¿Me pueden ayudar a payment dispute el pago?
payment_dispute,Quisiera payment dispute la transacción
payment_dispute,¿Me pueden ayudar a payment dispute el pago?
payment_dispute,No sé cómo payment dispute la transacción
payment_dispute,Ayuda para payment dispute la transacción
payment_dispute,¿Cómo puedo payment dispute el pago?
payment_dispute,No sé cómo payment dispute mi tarjeta
payment_dispute,No sé cómo payment dispute la transacción
payment_dispute,Ayuda para payment dispute la transacción
payment_dispute,¿Cómo puedo payment dispute mi tarjeta?
payment_dispute,Ayuda para payment dispute el pago
payment_dispute,No sé cómo payment dispute la transacción
payment_dispute,Necesito payment dispute el pago
payment_dispute,Ayuda para payment dispute la transacción
payment_dispute,No sé cómo payment dispute el pago
payment_dispute,Ayuda para payment dispute mi tarjeta
payment_dispute,No sé cómo payment dispute el pago
payment_dispute,¿Me pueden ayudar a payment dispute el pago?
payment_dispute,No sé cómo payment dispute la transacción
payment_dispute,¿Cómo puedo payment dispute la transacción?
payment_dispute,¿Cómo puedo payment dispute mi tarjeta?
payment_dispute,¿Cómo puedo payment dispute el pago?
payment_dispute,No sé cómo payment dispute la transacción
payment_dispute,¿Me pueden ayudar a payment dispute el pago?
payment_dispute,¿Me pueden ayudar a payment dispute la transacción?
payment_dispute,Ayuda para payment dispute mi tarjeta
payment_dispute,Quisiera payment dispute el pago
payment_dispute,Ayuda para payment dispute el pago
payment_dispute,Quisiera payment dispute mi tarjeta
payment_dispute,Necesito payment dispute el pago
subscription_cancel,Quisiera subscription cancel mi suscripción mensual
subscription_cancel,¿Cómo puedo subscription cancel mi suscripción mensual?
subscription_cancel,Necesito subscription cancel mi plan
subscription_cancel,Ayuda para subscription cancel mi plan
subscription_cancel,Quisiera subscription cancel la suscripción
subscription_cancel,¿Me pueden ayudar a subscription cancel mi plan?
subscription_cancel,Quisiera subscription cancel mi suscripción mensual
subscription_cancel,No sé cómo subscription cancel mi suscripción mensual
subscription_cancel,Necesito subscription cancel mi suscripción mensual
subscription_cancel,Necesito subscription cancel mi suscripción mensual
subscription_cancel,No sé cómo subscription cancel mi suscripción mensual
subscription_cancel,¿Cómo puedo subscription cancel mi plan?
subscription_cancel,¿Me pueden ayudar a subscription cancel mi plan?
subscription_cancel,Necesito subscription cancel mi suscripción mensual
subscription_cancel,¿Me pueden ayudar a subscription cancel la suscripción?
subscription_cancel,No sé cómo subscription cancel mi plan
subscription_cancel,Ayuda para subscription cancel la suscripción
subscription_cancel,No sé cómo subscription cancel mi plan
subscription_cancel,Necesito subscription cancel mi plan
subscription_cancel,Ayuda para subscription cancel mi plan
subscription_cancel,No sé cómo subscription cancel la suscripción
subscription_cancel,No sé cómo subscription cancel la suscripción
subscription_cancel,Ayuda para subscription cancel la suscripción
subscription_cancel,¿Cómo puedo subscription cancel la suscripción?
subscription_cancel,No sé cómo subscription cancel mi suscripción mensual
subscription_cancel,Necesito subscription cancel la suscripción
subscription_cancel,¿Cómo puedo subscription cancel la suscripción?
subscription_cancel,¿Cómo puedo subscription cancel mi plan?
subscription_cancel,No sé cómo subscription cancel mi suscripción mensual
subscription_cancel,Quisiera subscription cancel mi suscripción mensual
subscription_cancel,¿Cómo puedo subscription cancel mi plan?
subscription_cancel,Necesito subscription cancel mi suscripción mensual
subscription_cancel,Quisiera subscription cancel mi plan
subscription_cancel,¿Me pueden ayudar a subscription cancel mi plan?
subscription_cancel,Ayuda para subscription cancel la suscripción
subscription_cancel,No sé cómo subscription cancel la suscripción
subscription_cancel,¿Me pueden ayudar a subscription cancel mi plan?
subscription_cancel,Quisiera subscription cancel la suscripción
subscription_cancel,Quisiera subscription cancel la suscripción
subscription_cancel,No sé cómo subscription cancel mi suscripción mensual
subscription_cancel,¿Cómo puedo subscription cancel la suscripción?
subscription_cancel,¿Me pueden ayudar a subscription cancel mi suscripción mensual?
subscription_cancel,Quisiera subscription cancel mi suscripción mensual
subscription_cancel,¿Cómo puedo subscription cancel la suscripción?
subscription_cancel,¿Cómo puedo subscription cancel mi plan?
subscription_cancel,¿Cómo puedo subscription cancel mi suscripción mensual?
subscription_cancel,Ayuda para subscription cancel mi suscripción mensual
subscription_cancel,No sé cómo subscription cancel mi suscripción mensual
subscription_cancel,Quisiera subscription cancel mi suscripción mensual
subscription_cancel,¿Me pueden ayudar a subscription cancel mi suscripción mensual?
subscription_cancel,Necesito subscription cancel la suscripción
subscription_cancel,¿Cómo puedo subscription cancel mi plan?
subscription_cancel,No sé cómo subscription cancel mi plan
subscription_cancel,Ayuda para subscription cancel la suscripción
subscription_cancel,¿Cómo puedo subscription cancel mi plan?
subscription_cancel,No sé cómo subscription cancel la suscripción
subscription_cancel,No sé cómo subscription cancel la suscripción
subscription_cancel,No sé cómo subscription cancel mi suscripción mensual
subscription_cancel,No sé cómo subscription cancel mi plan
subscription_cancel,¿Cómo puedo subscription cancel mi suscripción mensual?
subscription_cancel,¿Me pueden ayudar a subscription cancel mi plan?
subscription_cancel,Ayuda para subscription cancel mi suscripción mensual
subscription_cancel,No sé cómo subscription cancel la suscripción
subscription_cancel,¿Cómo puedo subscription cancel mi plan?
subscription_cancel,Ayuda para subscription cancel la suscripción
subscription_cancel,Quisiera subscription cancel la suscripción
subscription_cancel,¿Cómo puedo subscription cancel mi suscripción mensual?
subscription_cancel,No sé cómo subscription cancel mi suscripción mensual
subscription_cancel,Ayuda para subscription cancel la suscripción
subscription_cancel,No sé cómo subscription cancel la suscripción
subscription_cancel,¿Cómo puedo subscription cancel mi plan?
subscription_cancel,No sé cómo subscription cancel mi suscripción mensual
subscription_cancel,Quisiera subscription cancel mi suscripción mensual
subscription_cancel,No sé cómo subscription cancel la suscripción
subscription_cancel,Quisiera subscription cancel mi plan
subscription_cancel,¿Me pueden ayudar a subscription cancel la suscripción?
subscription_cancel,No sé cómo subscription cancel mi suscripción mensual
subscription_cancel,Quisiera subscription cancel mi suscripción mensual
subscription_cancel,¿Me pueden ayudar a subscription cancel mi plan?
subscription_cancel,No sé cómo subscription cancel mi plan
subscription_upgrade,Necesito subscription upgrade la suscripción
subscription_upgrade,¿Me pueden ayudar a subscription upgrade mi suscripción mensual?
subscription_upgrade,Ayuda para subscription upgrade la suscripción
subscription_upgrade,Ayuda para subscription upgrade mi plan
subscription_upgrade,Necesito subscription upgrade mi suscripción mensual
subscription_upgrade,¿Me pueden ayudar a subscription upgrade mi suscripción mensual?
subscription_upgrade,No sé cómo subscription upgrade la suscripción
subscription_upgrade,Ayuda para subscription upgrade la suscripción
subscription_upgrade,Necesito subscription upgrade mi plan
subscription_upgrade,¿Cómo puedo subscription upgrade la suscripción?
subscription_upgrade,Necesito subscription upgrade mi suscripción mensual
subscription_upgrade,No sé cómo subscription upgrade mi plan
subscription_upgrade,Necesito subscription upgrade la suscripción
subscription_upgrade,Quisiera subscription upgrade mi suscripción mensual
subscription_upgrade,¿Me pueden ayudar a subscription upgrade la suscripción?
subscription_upgrade,No sé cómo subscription upgrade mi suscripción mensual
subscription_upgrade,Quisiera subscription upgrade mi suscripción mensual
subscription_upgrade,Quisiera subscription upgrade mi plan
subscription_upgrade,¿Me pueden ayudar a subscription upgrade la suscripción?
subscription_upgrade,¿Me pueden ayudar a subscription upgrade mi plan?
subscription_upgrade,Ayuda para subscription upgrade mi plan
subscription_upgrade,Quisiera subscription upgrade la suscripción
subscription_upgrade,Ayuda para subscription upgrade mi suscripción mensual
subscription_upgrade,No sé cómo subscription upgrade mi plan
subscription_upgrade,Necesito subscription upgrade mi suscripción mensual
subscription_upgrade,Ayuda para subscription upgrade mi suscripción mensual
subscription_upgrade,Necesito subscription upgrade mi suscripción mensual
subscription_upgrade,Necesito subscription upgrade mi suscripción mensual
subscription_upgrade,Ayuda para subscription upgrade la suscripción
subscription_upgrade,Ayuda para subscription upgrade mi suscripción mensual
subscription_upgrade,No sé cómo subscription upgrade mi plan
subscription_upgrade,¿Cómo puedo subscription upgrade mi plan?
subscription_upgrade,No sé cómo subscription upgrade mi suscripción mensual
subscription_upgrade,Ayuda para subscription upgrade mi plan
subscription_upgrade,Necesito subscription upgrade mi suscripción mensual
subscription_upgrade,Necesito subscription upgrade mi suscripción mensual
subscription_upgrade,Ayuda para subscription upgrade mi suscripción mensual
subscription_upgrade,¿Cómo puedo subscription upgrade mi suscripción mensual?
subscription_upgrade,Quisiera subscription upgrade mi suscripción mensual
subscription_upgrade,¿Cómo puedo subscription upgrade mi plan?
subscription_upgrade,¿Me pueden ayudar a subscription upgrade la suscripción?
subscription_upgrade,Quisiera subscription upgrade la suscripción
subscription_upgrade,No sé cómo subscription upgrade mi plan
subscription_upgrade,Necesito subscription upgrade mi suscripción mensual
subscription_upgrade,No sé cómo subscription upgrade mi suscripción mensual
subscription_upgrade,¿Me pueden ayudar a subscription upgrade mi suscripción mensual?
subscription_upgrade,Quisiera subscription upgrade la suscripción
subscription_upgrade,Ayuda para subscription upgrade mi suscripción mensual
subscription_upgrade,Quisiera subscription upgrade la suscripción
subscription_upgrade,¿Cómo puedo subscription upgrade mi plan?
subscription_upgrade,No sé cómo subscription upgrade mi plan
subscription_upgrade,Quisiera subscription upgrade la suscripción
subscription_upgrade,Necesito subscription upgrade la suscripción
subscription_upgrade,Necesito subscription upgrade la suscripción
subscription_upgrade,No sé cómo subscription upgrade la suscripción
subscription_upgrade,¿Me pueden ayudar a subscription upgrade mi plan?
subscription_upgrade,Ayuda para subscription upgrade mi suscripción mensual
subscription_upgrade,¿Me pueden ayudar a subscription upgrade mi suscripción mensual?
subscription_upgrade,Necesito subscription upgrade mi suscripción mensual
subscription_upgrade,No sé cómo subscription upgrade la suscripción
subscription_upgrade,¿Cómo puedo subscription upgrade mi suscripción mensual?
subscription_upgrade,Ayuda para subscription upgrade mi plan
subscription_upgrade,Quisiera subscription upgrade la suscripción
subscription_upgrade,¿Me pueden ayudar a subscription upgrade mi suscripción mensual?
subscription_upgrade,Necesito subscription upgrade la suscripción
subscription_upgrade,Quisiera subscription upgrade mi suscripción mensual
subscription_upgrade,No sé cómo subscription upgrade mi suscripción mensual
subscription_upgrade,¿Me pueden ayudar a subscription upgrade la suscripción?
subscription_upgrade,No sé cómo subscription upgrade la suscripción
subscription_upgrade,¿Me pueden ayudar a subscription upgrade la suscripción?
subscription_upgrade,Necesito subscription upgrade la suscripción
subscription_upgrade,¿Me pueden ayudar a subscription upgrade la suscripción?
subscription_upgrade,¿Cómo puedo subscription upgrade la suscripción?
subscription_upgrade,Necesito subscription upgrade mi plan
subscription_upgrade,Necesito subscription upgrade mi suscripción mensual
subscription_upgrade,Ayuda para subscription upgrade mi plan
subscription_upgrade,No sé cómo subscription upgrade la suscripción
subscription_upgrade,No sé cómo subscription upgrade la suscripción
subscription_upgrade,¿Me pueden ayudar a subscription upgrade mi suscripción mensual?
subscription_upgrade,Quisiera subscription upgrade la suscripción
shipping_delay,No sé cómo shipping delay el envío
shipping_delay,¿Me pueden ayudar a shipping delay la entrega?
shipping_delay,No sé cómo shipping delay el envío
shipping_delay,Necesito shipping delay el envío
shipping_delay,¿Cómo puedo shipping delay la entrega?
shipping_delay,¿Cómo puedo shipping delay el envío?
shipping_delay,Ayuda para shipping delay la entrega
shipping_delay,Quisiera shipping delay el envío
shipping_delay,¿Cómo puedo shipping delay el envío?
shipping_delay,No sé cómo shipping delay la dirección
shipping_delay,No sé cómo shipping delay la dirección
shipping_delay,No sé cómo shipping delay el envío
shipping_delay,Necesito shipping delay la dirección
shipping_delay,No sé cómo shipping delay el envío
shipping_delay,No sé cómo shipping delay la entrega
shipping_delay,Necesito shipping delay la entrega
shipping_delay,Ayuda para shipping delay el envío
shipping_delay,No sé cómo shipping delay el envío
shipping_delay,¿Cómo puedo shipping delay el envío?
shipping_delay,Ayuda para shipping delay la entrega
shipping_delay,Ayuda para shipping delay la entrega
shipping_delay,Quisiera shipping delay el envío
shipping_delay,Quisiera shipping delay el envío
shipping_delay,Quisiera shipping delay el envío
shipping_delay,¿Me pueden ayudar a shipping delay la dirección?
shipping_delay,¿Me pueden ayudar a shipping delay la entrega?
shipping_delay,¿Cómo puedo shipping delay el envío?
shipping_delay,Ayuda para shipping delay el envío
shipping_delay,No sé cómo shipping delay la entrega
shipping_delay,Quisiera shipping delay la entrega
shipping_delay,Necesito shipping delay la dirección
shipping_delay,Necesito shipping delay la dirección
shipping_delay,Ayuda para shipping delay la entrega
shipping_delay,¿Me pueden ayudar a shipping delay el envío?
shipping_delay,Quisiera shipping delay la entrega
shipping_delay,¿Cómo puedo shipping delay el envío?
shipping_delay,Necesito shipping delay el envío
shipping_delay,¿Cómo puedo shipping delay la entrega?
shipping_delay,Necesito shipping delay la dirección
shipping_delay,¿Me pueden ayudar a shipping delay la entrega?
shipping_delay,¿Cómo puedo shipping delay el envío?
shipping_delay,¿Me pueden ayudar a shipping delay la dirección?
shipping_delay,¿Cómo puedo shipping delay la entrega?
shipping_delay,¿Cómo puedo shipping delay el envío?
shipping_delay,¿Cómo puedo shipping delay la dirección?
shipping_delay,¿Cómo puedo shipping delay la dirección?
shipping_delay,No sé cómo shipping delay el envío
shipping_delay,¿Cómo puedo shipping delay la dirección?
shipping_delay,Quisiera shipping delay la dirección
shipping_delay,¿Me pueden ayudar a shipping delay la entrega?
shipping_delay,Ayuda para shipping delay la entrega
shipping_delay,Quisiera shipping delay la entrega
shipping_delay,Quisiera shipping delay el envío
shipping_delay,Necesito shipping delay la entrega
shipping_delay,Necesito shipping delay el envío
shipping_delay,No sé cómo shipping delay el envío
shipping_delay,Ayuda para shipping delay la dirección
shipping_delay,No sé cómo shipping delay el envío
shipping_delay,Ayuda para shipping delay la dirección
shipping_delay,No sé cómo shipping delay la dirección
shipping_delay,Quisiera shipping delay la entrega
shipping_delay,Ayuda para shipping delay el envío
shipping_delay,No sé cómo shipping delay la dirección
shipping_delay,No sé cómo shipping delay el envío
shipping_delay,Ayuda para shipping delay la entrega
shipping_delay,¿Cómo puedo shipping delay el envío?
shipping_delay,Quisiera shipping delay la entrega
shipping_delay,No sé cómo shipping delay el envío
shipping_delay,Necesito shipping delay la entrega
shipping_delay,Quisiera shipping delay la dirección
shipping_delay,¿Me pueden ayudar a shipping delay la dirección?
shipping_delay,Ayuda para shipping delay la entrega
shipping_delay,Quisiera shipping delay el envío
shipping_delay,Necesito shipping delay la entrega
shipping_delay,Necesito shipping delay la dirección
shipping_delay,No sé cómo shipping delay el envío
shipping_delay,¿Cómo puedo shipping delay el envío?
shipping_delay,Ayuda para shipping delay la entrega
shipping_delay,Necesito shipping delay el envío
shipping_delay,¿Cómo puedo shipping delay el envío?
technical_login_issue,Ayuda para technical login issue el asunto
technical_login_issue,Ayuda para technical login issue esta gestión
technical_login_issue,Necesito technical login issue mi solicitud
technical_login_issue,Ayuda para technical login issue mi solicitud
technical_login_issue,Ayuda para technical login issue el asunto
technical_login_issue,No sé cómo technical login issue el asunto
technical_login_issue,No sé cómo technical login issue esta gestión
technical_login_issue,¿Cómo puedo technical login issue el asunto?
technical_login_issue,¿Me pueden ayudar a technical login issue mi solicitud?
technical_login_issue,¿Cómo puedo technical login issue esta gestión?
technical_login_issue,Ayuda para technical login issue mi solicitud
technical_login_issue,¿Cómo puedo technical login issue el asunto?
technical_login_issue,¿Me pueden ayudar a technical login issue el asunto?
technical_login_issue,Ayuda para technical login issue el asunto
technical_login_issue,¿Cómo puedo technical login issue mi solicitud?
technical_login_issue,Ayuda para technical login issue el asunto
technical_login_issue,¿Me pueden ayudar a technical login issue esta gestión?
technical_login_issue,No sé cómo technical login issue esta gestión
technical_login_issue,Necesito technical login issue mi solicitud
technical_login_issue,Necesito technical login issue mi solicitud
technical_login_issue,No sé cómo technical login issue esta gestión
technical_login_issue,Quisiera technical login issue mi solicitud
technical_login_issue,Quisiera technical login issue esta gestión
technical_login_issue,¿Cómo puedo technical login issue el asunto?
technical_login_issue,¿Cómo puedo technical login issue mi solicitud?
technical_login_issue,Ayuda para technical login issue esta gestión
technical_login_issue,Quisiera technical login issue mi solicitud
technical_login_issue,¿Me pueden ayudar a technical login issue mi solicitud?
technical_login_issue,Necesito technical login issue mi solicitud
technical_login_issue,Necesito technical login issue esta gestión
technical_login_issue,No sé cómo technical login issue mi solicitud
technical_login_issue,Necesito technical login issue el asunto
technical_login_issue,Ayuda para technical login issue el asunto
technical_login_issue,Necesito technical login issue esta gestión
technical_login_issue,No sé cómo technical login issue el asunto
technical_login_issue,No sé cómo technical login issue esta gestión
technical_login_issue,¿Me pueden ayudar a technical login issue esta gestión?
technical_login_issue,No sé cómo technical login issue el asunto
technical_login_issue,Necesito technical login issue mi solicitud
technical_login_issue,Necesito technical login issue esta gestión
technical_login_issue,No sé cómo technical login issue mi solicitud
technical_login_issue,¿Me pueden ayudar a technical login issue mi solicitud?
technical_login_issue,Quisiera technical login issue mi solicitud
technical_login_issue,No sé cómo technical login issue mi solicitud
technical_login_issue,Ayuda para technical login issue esta gestión
technical_login_issue,¿Cómo puedo technical login issue el asunto?
technical_login_issue,¿Me pueden ayudar a technical login issue mi solicitud?
technical_login_issue,Ayuda para technical login issue esta gestión
technical_login_issue,No sé cómo technical login issue esta gestión
technical_login_issue,Ayuda para technical login issue el asunto
technical_login_issue,Quisiera technical login issue el asunto
technical_login_issue,Necesito technical login issue el asunto
technical_login_issue,Necesito technical login issue mi solicitud
technical_login_issue,¿Me pueden ayudar a technical login issue mi solicitud?
technical_login_issue,¿Me pueden ayudar a technical login issue mi solicitud?
technical_login_issue,No sé cómo technical login issue esta gestión
technical_login_issue,Ayuda para technical login issue mi solicitud
technical_login_issue,Ayuda para technical login issue mi solicitud
technical_login_issue,¿Me pueden ayudar a technical login issue esta gestión?
technical_login_issue,No sé cómo technical login issue mi solicitud
technical_login_issue,Ayuda para technical login issue el asunto
technical_login_issue,¿Cómo puedo technical login issue el asunto?
technical_login_issue,¿Cómo puedo technical login issue esta gestión?
technical_login_issue,¿Cómo puedo technical login issue esta gestión?
technical_login_issue,Necesito technical login issue esta gestión
technical_login_issue,¿Me pueden ayudar a technical login issue esta gestión?
technical_login_issue,Quisiera technical login issue el asunto
technical_login_issue,¿Cómo puedo technical login issue mi solicitud?
technical_login_issue,Quisiera technical login issue el asunto
technical_login_issue,Quisiera technical login issue mi solicitud
technical_login_issue,No sé cómo technical login issue el asunto
technical_login_issue,Quisiera technical login issue mi solicitud
technical_login_issue,No sé cómo technical login issue el asunto
technical_login_issue,Quisiera technical login issue mi solicitud
technical_login_issue,No sé cómo technical login issue el asunto
technical_login_issue,Quisiera technical login issue esta gestión
technical_login_issue,Ayuda para technical login issue mi solicitud
technical_login_issue,¿Cómo puedo technical login issue el asunto?
technical_login_issue,¿Me pueden ayudar a technical login issue mi solicitud?
technical_login_issue,Ayuda para technical login issue esta gestión
gift_card_issue,¿Cómo puedo gift card issue el asunto?
gift_card_issue,No sé cómo gift card issue el asunto
gift_card_issue,Quisiera gift card issue el asunto
gift_card_issue,¿Me pueden ayudar a gift card issue mi solicitud?
gift_card_issue,Necesito gift card issue mi solicitud
gift_card_issue,Ayuda para gift card issue esta gestión
gift_card_issue,Necesito gift card issue esta gestión
gift_card_issue,Ayuda para gift card issue el asunto
gift_card_issue,¿Me pueden ayudar a gift card issue esta gestión?
gift_card_issue,¿Cómo puedo gift card issue esta gestión?
gift_card_issue,No sé cómo gift card issue mi solicitud
gift_card_issue,¿Me pueden ayudar a gift card issue esta gestión?
gift_card_issue,¿Me pueden ayudar a gift card issue esta gestión?
gift_card_issue,Ayuda para gift card issue esta gestión
gift_card_issue,¿Me pueden ayudar a gift card issue esta gestión?
gift_card_issue,No sé cómo gift card issue mi solicitud
gift_card_issue,Necesito gift card issue mi solicitud
gift_card_issue,No sé cómo gift card issue el asunto
gift_card_issue,Quisiera gift card issue mi solicitud
gift_card_issue,Necesito gift card issue mi solicitud
gift_card_issue,Ayuda para gift card issue mi solicitud
gift_card_issue,¿Cómo puedo gift card issue mi solicitud?
gift_card_issue,Quisiera gift card issue el asunto
gift_card_issue,No sé cómo gift card issue el asunto
gift_card_issue,Necesito gift card issue mi solicitud
gift_card_issue,Ayuda para gift card issue esta gestión
gift_card_issue,Quisiera gift card issue esta gestión
gift_card_issue,Ayuda para gift card issue mi solicitud
gift_card_issue,Necesito gift card issue el asunto
gift_card_issue,Ayuda para gift card issue mi solicitud
gift_card_issue,No sé cómo gift card issue el asunto
gift_card_issue,Quisiera gift card issue esta gestión
gift_card_issue,Necesito gift card issue el asunto
gift_card_issue,Ayuda para gift card issue esta gestión
gift_card_issue,Ayuda para gift card issue mi solicitud
gift_card_issue,¿Cómo puedo gift card issue el asunto?
gift_card_issue,¿Me pueden ayudar a gift card issue esta gestión?
gift_card_issue,¿Me pueden ayudar a gift card issue mi solicitud?
gift_card_issue,Ayuda para gift card issue el asunto
gift_card_issue,Necesito gift card issue el asunto
gift_card_issue,Ayuda para gift card issue esta gestión
gift_card_issue,¿Cómo puedo gift card issue esta gestión?
gift_card_issue,No sé cómo gift card issue esta gestión
gift_card_issue,¿Me pueden ayudar a gift card issue mi solicitud?
gift_card_issue,Necesito gift card issue esta gestión
gift_card_issue,¿Me pueden ayudar a gift card issue esta gestión?
gift_card_issue,Necesito gift card issue mi solicitud
gift_card_issue,¿Cómo puedo gift card issue el asunto?
gift_card_issue,¿Cómo puedo gift card issue el asunto?
gift_card_issue,Necesito gift card issue el asunto
gift_card_issue,¿Me pueden ayudar a gift card issue mi solicitud?
gift_card_issue,No sé cómo gift card issue mi solicitud
gift_card_issue,Necesito gift card issue esta gestión
gift_card_issue,No sé cómo gift card issue mi solicitud
gift_card_issue,¿Cómo puedo gift card issue mi solicitud?
gift_card_issue,Quisiera gift card issue el asunto
gift_card_issue,Quisiera gift card issue esta gestión
gift_card_issue,Quisiera gift card issue el asunto
gift_card_issue,Quisiera gift card issue mi solicitud
gift_card_issue,Necesito gift card issue el asunto
gift_card_issue,¿Me pueden ayudar a gift card issue mi solicitud?
gift_card_issue,¿Me pueden ayudar a gift card issue el asunto?
gift_card_issue,¿Cómo puedo gift card issue el asunto?
gift_card_issue,¿Cómo puedo gift card issue el asunto?
gift_card_issue,Ayuda para gift card issue el asunto
gift_card_issue,Necesito gift card issue mi solicitud
gift_card_issue,Necesito gift card issue mi solicitud
gift_card_issue,Necesito gift card issue mi solicitud
gift_card_issue,¿Me pueden ayudar a gift card issue el asunto?
gift_card_issue,Necesito gift card issue el asunto
gift_card_issue,¿Cómo puedo gift card issue el asunto?
gift_card_issue,Necesito gift card issue mi solicitud
gift_card_issue,Quisiera gift card issue esta gestión
gift_card_issue,Ayuda para gift card issue el asunto
gift_card_issue,¿Cómo puedo gift card issue mi solicitud?
gift_card_issue,Ayuda para gift card issue el asunto
gift_card_issue,Quisiera gift card issue esta gestión
gift_card_issue,¿Cómo puedo gift card issue mi solicitud?
gift_card_issue,Ayuda para gift card issue el asunto
gift_card_issue,¿Me pueden ayudar a gift card issue el asunto?
order_return_request,¿Cómo puedo order return request el pedido {{Order Number}}?
order_return_request,¿Me pueden ayudar a order return request mi pedido?
order_return_request,No sé cómo order return request un pedido
order_return_request,¿Cómo puedo order return request el pedido {{Order Number}}?
order_return_request,Ayuda para order return request un pedido
order_return_request,Necesito order return request el pedido {{Order Number}}
order_return_request,¿Cómo puedo order return request un pedido?
order_return_request,¿Me pueden ayudar a order return request mi pedido?
order_return_request,¿Me pueden ayudar a order return request un pedido?
order_return_request,No sé cómo order return request mi pedido
order_return_request,Necesito order return request el pedido {{Order Number}}
order_return_request,¿Me pueden ayudar a order return request el pedido {{Order Number}}?
order_return_request,¿Cómo puedo order return request el pedido {{Order Number}}?
order_return_request,Quisiera order return request un pedido
order_return_request,¿Cómo puedo order return request mi pedido?
order_return_request,¿Cómo puedo order return request un pedido?
order_return_request,Ayuda para order return request el pedido {{Order Number}}
order_return_request,Quisiera order return request mi pedido
order_return_request,Necesito order return request un pedido
order_return_request,Quisiera order return request el pedido {{Order Number}}
order_return_request,¿Cómo puedo order return request mi pedido?
order_return_request,Quisiera order return request un pedido
order_return_request,¿Me pueden ayudar a order return request el pedido {{Order Number}}?
order_return_request,¿Me pueden ayudar a order return request un pedido?
order_return_request,¿Cómo puedo order return request el pedido {{Order Number}}?
order_return_request,Quisiera order return request mi pedido
order_return_request,¿Cómo puedo order return request el pedido {{Order Number}}?
order_return_request,Quisiera order return request un pedido
order_return_request,No sé cómo order return request el pedido {{Order Number}}
order_return_request,¿Me pueden ayudar a order return request mi pedido?
order_return_request,Quisiera order return request el pedido {{Order Number}}
order_return_request,¿Me pueden ayudar a order return request mi pedido?
order_return_request,¿Me pueden ayudar a order return request un pedido?
order_return_request,Quisiera order return request mi pedido
order_return_request,Ayuda para order return request mi pedido
order_return_request,Necesito order return request un pedido
order_return_request,¿Me pueden ayudar a order return request el pedido {{Order Number}}?
order_return_request,Ayuda para order return request un pedido
order_return_request,¿Cómo puedo order return request mi pedido?
order_return_request,¿Me pueden ayudar a order return request el pedido {{Order Number}}?
order_return_request,Necesito order return request un pedido
order_return_request,¿Cómo puedo order return request el pedido {{Order Number}}?
order_return_request,Quisiera order return request el pedido {{Order Number}}
order_return_request,¿Me pueden ayudar a order return request el pedido {{Order Number}}?
order_return_request,No sé cómo order return request el pedido {{Order Number}}
order_return_request,No sé cómo order return request un pedido
order_return_request,Ayuda para order return request mi pedido
order_return_request,No sé cómo order return request mi pedido
order_return_request,No sé cómo order return request el pedido {{Order Number}}
order_return_request,Necesito order return request un pedido
order_return_request,Ayuda para order return request el pedido {{Order Number}}
order_return_request,No sé cómo order return request un pedido
order_return_request,¿Cómo puedo order return request mi pedido?
order_return_request,No sé cómo order return request mi pedido
order_return_request,Ayuda para order return request el pedido {{Order Number}}
order_return_request,Necesito order return request un pedido
order_return_request,Necesito order return request el pedido {{Order Number}}
order_return_request,Quisiera order return request un pedido
order_return_request,No sé cómo order return request el pedido {{Order Number}}
order_return_request,¿Me pueden ayudar a order return request mi pedido?
order_return_request,Quisiera order return request un pedido
order_return_request,Necesito order return request un pedido
order_return_request,¿Cómo puedo order return request el pedido {{Order Number}}?
order_return_request,¿Me pueden ayudar a order return request mi pedido?
order_return_request,¿Me pueden ayudar a order return request un pedido?
order_return_request,Ayuda para order return request mi pedido
order_return_request,No sé cómo order return request un pedido
order_return_request,Ayuda para order return request un pedido
order_return_request,¿Cómo puedo order return request un pedido?
order_return_request,Necesito order return request el pedido {{Order Number}}
order_return_request,Ayuda para order return request un pedido
order_return_request,Necesito order return request mi pedido
order_return_request,Quisiera order return request un pedido
order_return_request,¿Me pueden ayudar a order return request mi pedido?
order_return_request,Quisiera order return request mi pedido
order_return_request,¿Cómo puedo order return request mi pedido?
order_return_request,¿Cómo puedo order return request mi pedido?
order_return_request,Ayuda para order return request mi pedido
order_return_request,Quisiera order return request mi pedido
order_return_request,No sé cómo order return request un pedido
wrong_item_received,No recibí el producto que compré en la compra
wrong_item_received,Quiero reportar que me enviaron algo diferente en el paquete
wrong_item_received,Me llegó el producto equivocado en el paquete
wrong_item_received,Recibí un artículo distinto al que pedí en mi pedido
wrong_item_received,Me llegó el producto equivocado en la entrega
wrong_item_received,No recibí el producto que compré en mi pedido
wrong_item_received,No recibí el producto que compré en mi pedido
wrong_item_received,El pedido la compra vino incorrecto
wrong_item_received,El pedido mi pedido vino incorrecto
wrong_item_received,Quiero reportar que me enviaron algo diferente en el paquete
wrong_item_received,Quiero reportar que me enviaron algo diferente en mi pedido
wrong_item_received,Me llegó el producto equivocado en el paquete
wrong_item_received,Me llegó el producto equivocado en la entrega
wrong_item_received,Quiero reportar que me enviaron algo diferente en mi pedido
wrong_item_received,Me llegó el producto equivocado en la entrega
wrong_item_received,Quiero reportar que me enviaron algo diferente en la compra
wrong_item_received,Recibí un artículo distinto al que pedí en la entrega
wrong_item_received,Quiero reportar que me enviaron algo diferente en la entrega
wrong_item_received,Quiero reportar que me enviaron algo diferente en la entrega
wrong_item_received,Quiero reportar que me enviaron algo diferente en la compra
wrong_item_received,Me llegó el producto equivocado en el paquete
wrong_item_received,No recibí el producto que compré en la compra
wrong_item_received,Me llegó el producto equivocado en la entrega
wrong_item_received,Recibí un artículo distinto al que pedí en la compra
wrong_item_received,Quiero reportar que me enviaron algo diferente en el paquete
wrong_item_received,Recibí un artículo distinto al que pedí en la compra
wrong_item_received,El pedido el paquete vino incorrecto
wrong_item_received,Quiero reportar que me enviaron algo diferente en el paquete
wrong_item_received,El pedido la compra vino incorrecto
wrong_item_received,No recibí el producto que compré en el paquete
wrong_item_received,Quiero reportar que me enviaron algo diferente en la entrega
wrong_item_received,Quiero reportar que me enviaron algo diferente en la entrega
wrong_item_received,No recibí el producto que compré en el paquete
wrong_item_received,El pedido la compra vino incorrecto
wrong_item_received,No recibí el producto que compré en la compra
wrong_item_received,Me llegó el producto equivocado en mi pedido
wrong_item_received,El pedido mi pedido vino incorrecto
wrong_item_received,Quiero reportar que me enviaron algo diferente en la entrega
wrong_item_received,El pedido mi pedido vino incorrecto
wrong_item_received,El pedido la entrega vino incorrecto
wrong_item_received,Recibí un artículo distinto al que pedí en el paquete
wrong_item_received,Me llegó el producto equivocado en el paquete
wrong_item_received,Quiero reportar que me enviaron algo diferente en la entrega
wrong_item_received,Me llegó el producto equivocado en mi pedido
wrong_item_received,No recibí el producto que compré en el paquete
wrong_item_received,Recibí un artículo distinto al que pedí en la entrega
wrong_item_received,El pedido el paquete vino incorrecto
wrong_item_received,Quiero reportar que me enviaron algo diferente en la entrega
wrong_item_received,Recibí un artículo distinto al que pedí en el paquete
wrong_item_received,El pedido mi pedido vino incorrecto
wrong_item_received,Quiero reportar que me enviaron algo diferente en la compra
wrong_item_received,Quiero reportar que me enviaron algo diferente en la entrega
wrong_item_received,Me llegó el producto equivocado en el paquete
wrong_item_received,No recibí el producto que compré en la entrega
wrong_item_received,No recibí el producto que compré en mi pedido
wrong_item_received,Quiero reportar que me enviaron algo diferente en el paquete
wrong_item_received,Me llegó el producto equivocado en la compra
wrong_item_received,Me llegó el producto equivocado en mi pedido
wrong_item_received,El pedido el paquete vino incorrecto
wrong_item_received,No recibí el producto que compré en la compra
wrong_item_received,Me llegó el producto equivocado en la entrega
wrong_item_received,Quiero reportar que me enviaron algo diferente en mi pedido
wrong_item_received,No recibí el producto que compré en mi pedido
wrong_item_received,El pedido mi pedido vino incorrecto
wrong_item_received,El pedido la entrega vino incorrecto
wrong_item_received,El pedido la entrega vino incorrecto
wrong_item_received,Recibí un artículo distinto al que pedí en mi pedido
wrong_item_received,No recibí el producto que compré en la compra
wrong_item_received,Quiero reportar que me enviaron algo diferente en mi pedido
wrong_item_received,Recibí un artículo distinto al que pedí en la compra
wrong_item_received,El pedido la compra vino incorrecto
wrong_item_received,Recibí un artículo distinto al que pedí en la entrega
wrong_item_received,El pedido mi pedido vino incorrecto
wrong_item_received,No recibí el producto que compré en mi pedido
wrong_item_received,Quiero reportar que me enviaron algo diferente en la compra
wrong_item_received,El pedido mi pedido vino incorrecto
wrong_item_received,No recibí el producto que compré en la compra
wrong_item_received,Recibí un artículo distinto al que pedí en la entrega
wrong_item_received,No recibí el producto que compré en la entrega
wrong_item_received,No recibí el producto que compré en la compra
wrong_item_received,Quiero reportar que me enviaron algo diferente en la entrega
wrong_item_received,Quiero reportar que me enviaron algo diferente en la entrega
wrong_item_received,Recibí un artículo distinto al que pedí en mi pedido
wrong_item_received,El pedido la compra vino incorrecto
wrong_item_received,El pedido mi pedido vino incorrecto
wrong_item_received,Me llegó el producto equivocado en la compra
wrong_item_received,No recibí el producto que compré en el paquete
wrong_item_received,El pedido la entrega vino incorrecto
wrong_item_received,El pedido el paquete vino incorrecto
wrong_item_received,Quiero reportar que me enviaron algo diferente en mi pedido
wrong_item_received,El pedido la entrega vino incorrecto
wrong_item_received,El pedido la compra vino incorrecto
wrong_item_received,Quiero reportar que me enviaron algo diferente en la entrega
wrong_item_received,No recibí el producto que compré en mi pedido
wrong_item_received,Recibí un artículo distinto al que pedí en la entrega
wrong_item_received,El pedido la entrega vino incorrecto
wrong_item_received,Me llegó el producto equivocado en mi pedido
wrong_item_received,Me llegó el producto equivocado en la entrega
wrong_item_received,Quiero reportar que me enviaron algo diferente en la entrega
wrong_item_received,El pedido mi pedido vino incorrecto
wrong_item_received,El pedido mi pedido vino incorrecto
wrong_item_received,El pedido la compra vino incorrecto
wrong_item_received,No recibí el producto que compré en mi pedido
wrong_item_received,El pedido la entrega vino incorrecto
wrong_item_received,Quiero reportar que me enviaron algo diferente en la entrega
wrong_item_received,Recibí un artículo distinto al que pedí en el paquete
wrong_item_received,Quiero reportar que me enviaron algo diferente en la compra
wrong_item_received,Quiero reportar que me enviaron algo diferente en la entrega
wrong_item_received,Me llegó el producto equivocado en la compra
wrong_item_received,Quiero reportar que me enviaron algo diferente en mi pedido
wrong_item_received,El pedido la entrega vino incorrecto
wrong_item_received,Me llegó el producto equivocado en el paquete
wrong_item_received,Recibí un artículo distinto al que pedí en el paquete
wrong_item_received,Me llegó el producto equivocado en la compra
wrong_item_received,Me llegó el producto equivocado en mi pedido
wrong_item_received,No recibí el producto que compré en el paquete
wrong_item_received,El pedido mi pedido vino incorrecto
wrong_item_received,Me llegó el producto equivocado en el paquete
wrong_item_received,No recibí el producto que compré en la entrega
wrong_item_received,No recibí el producto que compré en mi pedido
damaged_item,Recibí el pedido con daño en la compra
damaged_item,El paquete de mi pedido llegó en mal estado
damaged_item,El artículo de el paquete llegó roto
damaged_item,El paquete de la compra llegó en mal estado
damaged_item,El paquete de mi pedido llegó en mal estado
damaged_item,Me llegó un producto dañado en el paquete
damaged_item,El paquete de la entrega llegó en mal estado
damaged_item,Recibí el pedido con daño en la compra
damaged_item,Quiero reportar que el producto llegó defectuoso en el paquete
damaged_item,Me llegó un producto dañado en la entrega
damaged_item,Recibí el pedido con daño en la entrega
damaged_item,Recibí el pedido con daño en el paquete
damaged_item,El paquete de la entrega llegó en mal estado
damaged_item,Me llegó un producto dañado en la entrega
damaged_item,Quiero reportar que el producto llegó defectuoso en mi pedido
damaged_item,El paquete de la entrega llegó en mal estado
damaged_item,El artículo de el paquete llegó roto
damaged_item,Recibí el pedido con daño en la compra
damaged_item,El artículo de mi pedido llegó roto
damaged_item,Quiero reportar que el producto llegó defectuoso en el paquete
damaged_item,Quiero reportar que el producto llegó defectuoso en el paquete
damaged_item,El paquete de el paquete llegó en mal estado
damaged_item,Quiero reportar que el producto llegó defectuoso en la entrega
damaged_item,El paquete de la entrega llegó en mal estado
damaged_item,Quiero reportar que el producto llegó defectuoso en el paquete
damaged_item,El artículo de el paquete llegó roto
damaged_item,El paquete de el paquete llegó en mal estado
damaged_item,El artículo de la entrega llegó roto
damaged_item,El paquete de el paquete llegó en mal estado
damaged_item,Quiero reportar que el producto llegó defectuoso en el paquete
damaged_item,El paquete de el paquete llegó en mal estado
damaged_item,Recibí el pedido con daño en mi pedido
damaged_item,El paquete de mi pedido llegó en mal estado
damaged_item,El artículo de la entrega llegó roto
damaged_item,El artículo de mi pedido llegó roto
damaged_item,Recibí el pedido con daño en la compra
damaged_item,Quiero reportar que el producto llegó defectuoso en la entrega
damaged_item,Quiero reportar que el producto llegó defectuoso en la entrega
damaged_item,El artículo de el paquete llegó roto
damaged_item,Me llegó un producto dañado en el paquete
damaged_item,El artículo de mi pedido llegó roto
damaged_item,El paquete de la entrega llegó en mal estado
damaged_item,El paquete de el paquete llegó en mal estado
damaged_item,El paquete de el paquete llegó en mal estado
damaged_item,El artículo de mi pedido llegó roto
damaged_item,Recibí el pedido con daño en mi pedido
damaged_item,Quiero reportar que el producto llegó defectuoso en el paquete
damaged_item,El paquete de la compra llegó en mal estado
damaged_item,Recibí el pedido con daño en el paquete
damaged_item,Quiero reportar que el producto llegó defectuoso en la compra
damaged_item,Quiero reportar que el producto llegó defectuoso en el paquete
damaged_item,El artículo de el paquete llegó roto
damaged_item,El artículo de mi pedido llegó roto
damaged_item,Quiero reportar que el producto llegó defectuoso en mi pedido
damaged_item,Recibí el pedido con daño en la compra
damaged_item,El artículo de el paquete llegó roto
damaged_item,El artículo de mi pedido llegó roto
damaged_item,El artículo de la compra llegó roto
damaged_item,El paquete de la compra llegó en mal estado
damaged_item,Recibí el pedido con daño en la compra
damaged_item,El artículo de la compra llegó roto
damaged_item,Quiero reportar que el producto llegó defectuoso en mi pedido
damaged_item,El paquete de la compra llegó en mal estado
damaged_item,Recibí el pedido con daño en la compra
damaged_item,El paquete de mi pedido llegó en mal estado
damaged_item,El paquete de mi pedido llegó en mal estado
damaged_item,Quiero reportar que el producto llegó defectuoso en la compra
damaged_item,Me llegó un producto dañado en el paquete
damaged_item,El paquete de la compra llegó en mal estado
damaged_item,Me llegó un producto dañado en la compra
damaged_item,El paquete de mi pedido llegó en mal estado
damaged_item,El artículo de la entrega llegó roto
damaged_item,Quiero reportar que el producto llegó defectuoso en la compra
damaged_item,Recibí el pedido con daño en la entrega
damaged_item,Quiero reportar que el producto llegó defectuoso en el paquete
damaged_item,Quiero reportar que el producto llegó defectuoso en la entrega
damaged_item,El paquete de mi pedido llegó en mal estado
damaged_item,El paquete de el paquete llegó en mal estado
damaged_item,Quiero reportar que el producto llegó defectuoso en la compra
damaged_item,Me llegó un producto dañado en mi pedido
damaged_item,El artículo de el paquete llegó roto
damaged_item,Quiero reportar que el producto llegó defectuoso en la compra
damaged_item,Recibí el pedido con daño en la compra
damaged_item,Me llegó un producto dañado en el paquete
damaged_item,Quiero reportar que el producto llegó defectuoso en el paquete
damaged_item,Quiero reportar que el producto llegó defectuoso en mi pedido
damaged_item,Recibí el pedido con daño en la entrega
damaged_item,El artículo de mi pedido llegó roto
damaged_item,Me llegó un producto dañado en mi pedido
damaged_item,Quiero reportar que el producto llegó defectuoso en la entrega
damaged_item,Me llegó un producto dañado en la compra
damaged_item,El paquete de el paquete llegó en mal estado
damaged_item,Quiero reportar que el producto llegó defectuoso en la compra
damaged_item,Me llegó un producto dañado en el paquete
damaged_item,Recibí el pedido con daño en el paquete
damaged_item,El artículo de el paquete llegó roto
damaged_item,El artículo de mi pedido llegó roto
damaged_item,Quiero reportar que el producto llegó defectuoso en la entrega
damaged_item,Recibí el pedido con daño en la compra
damaged_item,Recibí el pedido con daño en el paquete
damaged_item,Me llegó un producto dañado en el paquete
damaged_item,El artículo de mi pedido llegó roto
damaged_item,El paquete de la entrega llegó en mal estado
damaged_item,Me llegó un producto dañado en la compra
damaged_item,Quiero reportar que el producto llegó defectuoso en la compra
damaged_item,El paquete de mi pedido llegó en mal estado
damaged_item,El paquete de la compra llegó en mal estado
damaged_item,El artículo de el paquete llegó roto
damaged_item,El paquete de la compra llegó en mal estado
damaged_item,Quiero reportar que el producto llegó defectuoso en la compra
damaged_item,Quiero reportar que el producto llegó defectuoso en mi pedido
damaged_item,El paquete de mi pedido llegó en mal estado
damaged_item,El artículo de la entrega llegó roto
damaged_item,El paquete de el paquete llegó en mal estado
damaged_item,Me llegó un producto dañado en el paquete
damaged_item,El artículo de mi pedido llegó roto
damaged_item,Recibí el pedido con daño en mi pedido
damaged_item,El artículo de mi pedido llegó roto
damaged_item,El paquete de la entrega llegó en mal estado
damaged_item,Recibí el pedido con daño en mi pedido
delivery_not_received,Mi pedido aparece entregado pero no lo recibí en mi compra
delivery_not_received,El envío de mi pedido figura como entregado y no lo tengo
delivery_not_received,No me llegó el paquete de el paquete
delivery_not_received,Necesito ayuda porque no recibí la compra de mi pedido
delivery_not_received,El envío de el paquete figura como entregado y no lo tengo
delivery_not_received,Mi pedido aparece entregado pero no lo recibí en mi compra
delivery_not_received,Quiero reportar que no recibí mi pedido el paquete
delivery_not_received,Quiero reportar que no recibí mi pedido la entrega
delivery_not_received,Mi pedido aparece entregado pero no lo recibí en la entrega
delivery_not_received,Necesito ayuda porque no recibí la compra de mi compra
delivery_not_received,Quiero reportar que no recibí mi pedido la entrega
delivery_not_received,No me llegó el paquete de mi compra
delivery_not_received,Quiero reportar que no recibí mi pedido el paquete
delivery_not_received,Necesito ayuda porque no recibí la compra de la entrega
delivery_not_received,Necesito ayuda porque no recibí la compra de mi pedido
delivery_not_received,No me llegó el paquete de mi compra
delivery_not_received,Mi pedido aparece entregado pero no lo recibí en mi compra
delivery_not_received,El envío de el paquete figura como entregado y no lo tengo
delivery_not_received,El envío de el paquete figura como entregado y no lo tengo
delivery_not_received,Quiero reportar que no recibí mi pedido el paquete
delivery_not_received,No me llegó el paquete de la entrega
delivery_not_received,Necesito ayuda porque no recibí la compra de la entrega
delivery_not_received,El envío de mi pedido figura como entregado y no lo tengo
delivery_not_received,Necesito ayuda porque no recibí la compra de mi pedido
delivery_not_received,Quiero reportar que no recibí mi pedido mi pedido
delivery_not_received,Mi pedido aparece entregado pero no lo recibí en mi compra
delivery_not_received,Mi pedido aparece entregado pero no lo recibí en la entrega
delivery_not_received,Mi pedido aparece entregado pero no lo recibí en mi pedido
delivery_not_received,Necesito ayuda porque no recibí la compra de la entrega
delivery_not_received,El envío de mi compra figura como entregado y no lo tengo
delivery_not_received,Quiero reportar que no recibí mi pedido el paquete
delivery_not_received,Necesito ayuda porque no recibí la compra de mi pedido
delivery_not_received,Mi pedido aparece entregado pero no lo recibí en mi pedido
delivery_not_received,Quiero reportar que no recibí mi pedido el paquete
delivery_not_received,Mi pedido aparece entregado pero no lo recibí en el paquete
delivery_not_received,Quiero reportar que no recibí mi pedido el paquete
delivery_not_received,Mi pedido aparece entregado pero no lo recibí en mi compra
delivery_not_received,Quiero reportar que no recibí mi pedido el paquete
delivery_not_received,El envío de mi compra figura como entregado y no lo tengo
delivery_not_received,No me llegó el paquete de mi pedido
delivery_not_received,Quiero reportar que no recibí mi pedido el paquete
delivery_not_received,El envío de la entrega figura como entregado y no lo tengo
delivery_not_received,Mi pedido aparece entregado pero no lo recibí en mi pedido
delivery_not_received,El envío de mi pedido figura como entregado y no lo tengo
delivery_not_received,El envío de el paquete figura como entregado y no lo tengo
delivery_not_received,El envío de la entrega figura como entregado y no lo tengo
delivery_not_received,Mi pedido aparece entregado pero no lo recibí en el paquete
delivery_not_received,Necesito ayuda porque no recibí la compra de el paquete
delivery_not_received,Necesito ayuda porque no recibí la compra de mi compra
delivery_not_received,No me llegó el paquete de el paquete
delivery_not_received,Quiero reportar que no recibí mi pedido mi compra
delivery_not_received,No me llegó el paquete de el paquete
delivery_not_received,Mi pedido aparece entregado pero no lo recibí en el paquete
delivery_not_received,El envío de mi pedido figura como entregado y no lo tengo
delivery_not_received,Necesito ayuda porque no recibí la compra de la entrega
delivery_not_received,No me llegó el paquete de mi compra
delivery_not_received,Quiero reportar que no recibí mi pedido el paquete
delivery_not_received,Mi pedido aparece entregado pero no lo recibí en el paquete
delivery_not_received,El envío de mi compra figura como entregado y no lo tengo
delivery_not_received,El envío de mi pedido figura como entregado y no lo tengo
delivery_not_received,Quiero reportar que no recibí mi pedido la entrega
delivery_not_received,Quiero reportar que no recibí mi pedido mi pedido
delivery_not_received,Necesito ayuda porque no recibí la compra de el paquete
delivery_not_received,No me llegó el paquete de mi compra
delivery_not_received,Quiero reportar que no recibí mi pedido mi compra
delivery_not_received,No me llegó el paquete de mi compra
delivery_not_received,El envío de mi compra figura como entregado y no lo tengo
delivery_not_received,El envío de mi pedido figura como entregado y no lo tengo
delivery_not_received,No me llegó el paquete de el paquete
delivery_not_received,El envío de el paquete figura como entregado y no lo tengo
delivery_not_received,Quiero reportar que no recibí mi pedido mi pedido
delivery_not_received,Mi pedido aparece entregado pero no lo recibí en mi pedido
delivery_not_received,No me llegó el paquete de mi compra
delivery_not_received,El envío de la entrega figura como entregado y no lo tengo
delivery_not_received,Necesito ayuda porque no recibí la compra de mi compra
delivery_not_received,Mi pedido aparece entregado pero no lo recibí en el paquete
delivery_not_received,Mi pedido aparece entregado pero no lo recibí en mi compra
delivery_not_received,Quiero reportar que no recibí mi pedido la entrega
delivery_not_received,Mi pedido aparece entregado pero no lo recibí en mi compra
delivery_not_received,Necesito ayuda porque no recibí la compra de el paquete
delivery_not_received,Mi pedido aparece entregado pero no lo recibí en el paquete
delivery_not_received,No me llegó el paquete de el paquete
delivery_not_received,No me llegó el paquete de mi pedido
delivery_not_received,Quiero reportar que no recibí mi pedido el paquete
delivery_not_received,Necesito ayuda porque no recibí la compra de el paquete
delivery_not_received,El envío de mi compra figura como entregado y no lo tengo
delivery_not_received,Quiero reportar que no recibí mi pedido mi pedido
delivery_not_received,No me llegó el paquete de el paquete
delivery_not_received,Mi pedido aparece entregado pero no lo recibí en mi compra
delivery_not_received,Necesito ayuda porque no recibí la compra de mi compra
delivery_not_received,No me llegó el paquete de el paquete
delivery_not_received,Necesito ayuda porque no recibí la compra de el paquete
delivery_not_received,Quiero reportar que no recibí mi pedido mi pedido
delivery_not_received,Quiero reportar que no recibí mi pedido mi pedido
delivery_not_received,No me llegó el paquete de mi compra
delivery_not_received,Quiero reportar que no recibí mi pedido el paquete
delivery_not_received,Necesito ayuda porque no recibí la compra de la entrega
delivery_not_received,Mi pedido aparece entregado pero no lo recibí en mi pedido
delivery_not_received,Mi pedido aparece entregado pero no lo recibí en la entrega
delivery_not_received,Mi pedido aparece entregado pero no lo recibí en mi compra
delivery_not_received,El envío de mi compra figura como entregado y no lo tengo
delivery_not_received,Mi pedido aparece entregado pero no lo recibí en la entrega
delivery_not_received,El envío de mi pedido figura como entregado y no lo tengo
delivery_not_received,Necesito ayuda porque no recibí la compra de la entrega
delivery_not_received,Necesito ayuda porque no recibí la compra de el paquete
delivery_not_received,Quiero reportar que no recibí mi pedido el paquete
delivery_not_received,No me llegó el paquete de mi compra
delivery_not_received,El envío de mi pedido figura como entregado y no lo tengo
delivery_not_received,Mi pedido aparece entregado pero no lo recibí en la entrega
delivery_not_received,Mi pedido aparece entregado pero no lo recibí en la entrega
delivery_not_received,Quiero reportar que no recibí mi pedido la entrega
delivery_not_received,El envío de mi pedido figura como entregado y no lo tengo
delivery_not_received,No me llegó el paquete de mi pedido
delivery_not_received,Necesito ayuda porque no recibí la compra de el paquete
delivery_not_received,Quiero reportar que no recibí mi pedido la entrega
delivery_not_received,No me llegó el paquete de el paquete
delivery_not_received,Quiero reportar que no recibí mi pedido la entrega
delivery_not_received,El envío de mi compra figura como entregado y no lo tengo
delivery_not_received,Mi pedido aparece entregado pero no lo recibí en la entrega
delivery_not_received,Mi pedido aparece entregado pero no lo recibí en el paquete
exchange_request,Quiero cambiar el artículo recibido en la entrega
exchange_request,Necesito solicitar un intercambio de el producto
exchange_request,¿Cómo pido una devolución para cambiar la compra?
exchange_request,Ayuda para gestionar un cambio de mi pedido
exchange_request,Quiero cambiar el artículo recibido en mi pedido
exchange_request,¿Cómo pido una devolución para cambiar mi pedido?
exchange_request,¿Cómo pido una devolución para cambiar la entrega?
exchange_request,Quiero cambiar el artículo recibido en la entrega
exchange_request,Necesito solicitar un intercambio de la compra
exchange_request,Ayuda para gestionar un cambio de la compra
exchange_request,Quiero cambiar el artículo recibido en la entrega
exchange_request,Quiero hacer un cambio del producto de el producto
exchange_request,Necesito solicitar un intercambio de la entrega
exchange_request,Quiero cambiar el artículo recibido en el producto
exchange_request,Ayuda para gestionar un cambio de la compra
exchange_request,Necesito solicitar un intercambio de mi pedido
exchange_request,Ayuda para gestionar un cambio de la entrega
exchange_request,Quiero hacer un cambio del producto de la entrega
exchange_request,¿Cómo pido una devolución para cambiar mi pedido?
exchange_request,Quiero cambiar el artículo recibido en la compra
exchange_request,¿Cómo pido una devolución para cambiar la entrega?
exchange_request,Quiero hacer un cambio del producto de mi pedido
exchange_request,Ayuda para gestionar un cambio de la entrega
exchange_request,¿Cómo pido una devolución para cambiar la entrega?
exchange_request,Quiero hacer un cambio del producto de mi pedido
exchange_request,Necesito solicitar un intercambio de la compra
exchange_request,Ayuda para gestionar un cambio de mi pedido
exchange_request,Necesito solicitar un intercambio de la compra
exchange_request,Quiero cambiar el artículo recibido en el producto
exchange_request,Quiero cambiar el artículo recibido en la entrega
exchange_request,Necesito solicitar un intercambio de la compra
exchange_request,¿Cómo pido una devolución para cambiar el producto?
exchange_request,Ayuda para gestionar un cambio de el producto
exchange_request,Quiero cambiar el artículo recibido en el producto
exchange_request,Quiero hacer un cambio del producto de mi pedido
exchange_request,Ayuda para gestionar un cambio de la entrega
exchange_request,Necesito solicitar un intercambio de el producto
exchange_request,Quiero hacer un cambio del producto de el producto
exchange_request,Ayuda para gestionar un cambio de mi pedido
exchange_request,Quiero hacer un cambio del producto de el producto
exchange_request,Quiero hacer un cambio del producto de el producto
exchange_request,Quiero hacer un cambio del producto de la compra
exchange_request,Quiero cambiar el artículo recibido en la entrega
exchange_request,¿Cómo pido una devolución para cambiar la entrega?
exchange_request,Quiero cambiar el artículo recibido en la entrega
exchange_request,Quiero cambiar el artículo recibido en la compra
exchange_request,Necesito solicitar un intercambio de la entrega
exchange_request,Necesito solicitar un intercambio de la compra
exchange_request,Ayuda para gestionar un cambio de la entrega
exchange_request,¿Cómo pido una devolución para cambiar la entrega?
exchange_request,Necesito solicitar un intercambio de el producto
exchange_request,Necesito solicitar un intercambio de la compra
exchange_request,Quiero hacer un cambio del producto de mi pedido
exchange_request,Quiero hacer un cambio del producto de la compra
exchange_request,Quiero cambiar el artículo recibido en la entrega
exchange_request,Necesito solicitar un intercambio de mi pedido
exchange_request,Necesito solicitar un intercambio de la entrega
exchange_request,Quiero cambiar el artículo recibido en la entrega
exchange_request,Ayuda para gestionar un cambio de la compra
exchange_request,Quiero cambiar el artículo recibido en la entrega
exchange_request,Ayuda para gestionar un cambio de la entrega
exchange_request,Quiero cambiar el artículo recibido en el producto
exchange_request,Necesito solicitar un intercambio de la compra
exchange_request,Quiero cambiar el artículo recibido en mi pedido
exchange_request,Ayuda para gestionar un cambio de la entrega
exchange_request,Necesito solicitar un intercambio de el producto
exchange_request,Quiero cambiar el artículo recibido en el producto
exchange_request,Quiero hacer un cambio del producto de mi pedido
exchange_request,Ayuda para gestionar un cambio de la entrega
exchange_request,¿Cómo pido una devolución para cambiar mi pedido?
exchange_request,Ayuda para gestionar un cambio de la entrega
exchange_request,Quiero hacer un cambio del producto de la compra
exchange_request,Ayuda para gestionar un cambio de el producto
exchange_request,Quiero cambiar el artículo recibido en mi pedido
exchange_request,Ayuda para gestionar un cambio de mi pedido
exchange_request,Necesito solicitar un intercambio de la entrega
exchange_request,Quiero hacer un cambio del producto de el producto
exchange_request,Ayuda para gestionar un cambio de mi pedido
exchange_request,¿Cómo pido una devolución para cambiar mi pedido?
exchange_request,Quiero cambiar el artículo recibido en la entrega
exchange_request,Ayuda para gestionar un cambio de la entrega
exchange_request,Ayuda para gestionar un cambio de el producto
exchange_request,Quiero cambiar el artículo recibido en el producto
exchange_request,¿Cómo pido una devolución para cambiar el producto?
exchange_request,Necesito solicitar un intercambio de mi pedido
exchange_request,Ayuda para gestionar un cambio de el producto
exchange_request,Ayuda para gestionar un cambio de el producto
exchange_request,Quiero hacer un cambio del producto de la entrega
exchange_request,Ayuda para gestionar un cambio de la compra
exchange_request,Ayuda para gestionar un cambio de mi pedido
exchange_request,¿Cómo pido una devolución para cambiar mi pedido?
exchange_request,¿Cómo pido una devolución para cambiar la entrega?
exchange_request,Quiero hacer un cambio del producto de la compra
exchange_request,Ayuda para gestionar un cambio de mi pedido
exchange_request,¿Cómo pido una devolución para cambiar el producto?
exchange_request,Necesito solicitar un intercambio de el producto
exchange_request,¿Cómo pido una devolución para cambiar el producto?
exchange_request,Quiero hacer un cambio del producto de mi pedido
exchange_request,Ayuda para gestionar un cambio de la compra
exchange_request,Ayuda para gestionar un cambio de la compra
exchange_request,Quiero cambiar el artículo recibido en el producto
exchange_request,Necesito solicitar un intercambio de el producto
exchange_request,Necesito solicitar un intercambio de la entrega
exchange_request,Necesito solicitar un intercambio de mi pedido
exchange_request,¿Cómo pido una devolución para cambiar mi pedido?
exchange_request,Necesito solicitar un intercambio de la compra
exchange_request,Quiero cambiar el artículo recibido en la entrega
exchange_request,Quiero cambiar el artículo recibido en la compra
exchange_request,Quiero cambiar el artículo recibido en la compra
exchange_request,Necesito solicitar un intercambio de el producto
exchange_request,Quiero hacer un cambio del producto de el producto
exchange_request,Quiero hacer un cambio del producto de mi pedido
exchange_request,Necesito solicitar un intercambio de la entrega
exchange_request,Quiero cambiar el artículo recibido en la entrega
exchange_request,¿Cómo pido una devolución para cambiar la entrega?
exchange_request,Ayuda para gestionar un cambio de la compra
exchange_request,Quiero cambiar el artículo recibido en la entrega
exchange_request,Quiero cambiar el artículo recibido en el producto
exchange_request,Necesito solicitar un intercambio de la entrega
exchange_request,Quiero hacer un cambio del producto de el producto
